Number,English,Spanish,French,German,Hindi
1,as,como,comme,wie,जैसा
2,I,I,je,ich,मैं
3,his,su,son,seine,उसके
4,that,que,que,dass,उस
5,he,él,il,er,उसने
6,was,era,était,war,था
7,for,para,pour,für,के लिये
8,on,en,sur,auf,पर
9,are,son,sont,sind,कर रहे हैं
10,with,con,avec,mit,साथ से
11,they,ellos,ils,sie,वे
12,be,ser,łtre,sein,होना
13,at,en,ů,bei,पर
14,one,uno,un,ein,एक
15,have,tener,avoir,haben,है
16,this,este,ce,dies,यह
17,from,desde,ů partir de,aus,से
18,by,por,par,durch,द्वारा द्वारा
19,hot,caliente,chaud,heiß,गरम
20,word,palabra,mot,Wort,शब्द
21,but,pero,mais,aber,लेकिन अ
22,what,qué,que,was,क्या भ
23,some,algunos,certains,einige,कुछ
24,is,es,est,ist,है
25,it,lo,il,es,यह
26,you,usted,vous,Sie,आप
27,or,o,ou,oder,या
28,had,tenido,eu,hatte,था
29,the,la,la,die,
30,of,de,de,von,का
31,to,a,ů,zu,सेवा मेरे
32,and,y,et,und,तथा
33,a,un,un,ein,ए
34,in,en,dans,bei,में
35,we,nos,nous,wir,हम
36,can,lata,boîte,können,कर सकते हैं
37,out,fuera,dehors,aus,बाहर
38,other,otros,autre,andere,अन्य
39,were,eran,étaient,waren,थे
40,which,que,qui,die,कौन कौन से
41,do,hacer,faire,tun,कर
42,their,su,leur,ihre,जो अपने
43,time,tiempo,temps,Zeit,समय
44,if,si,si,wenn,अगर
45,will,lo hará,volonté,werden,मर्जी
46,how,cómo,comment,wie,किस तरह
47,said,dicho,dit,sagte,कहा हुआ
48,an,un,un,ein,एक
49,each,cada,chaque,jeder,से प्रत्येक
50,tell,decir,dire,sagen,कहना
51,does,hace,ne,tut,कर देता है
52,set,conjunto,ensemble,Satz,सेट
53,three,tres,trois,drei,तीन
54,want,querer,vouloir,wollen,चाहते हैं
55,air,aire,air,Luft,वायु
56,well,así,bien,gut,कुंआ
57,also,también,aussi,auch,भी
58,play,jugar,jouer,spielen,प्ले
59,small,pequeĄo,petit,klein,छोटा
60,end,fin,fin,Ende,समाप्त
61,put,poner,mettre,setzen,डाल दिया
62,home,casa,maison,Zuhause,घर
63,read,leer,lire,lesen,पढ़ना
64,hand,mano,main,seits,हाथ
65,port,puerto,port,Hafen,बंदरगाह
66,large,grande,grand,groß,विशाल
67,spell,deletrear,épeler,buchstabieren,जादू
68,add,aĄadir,ajouter,hinzufügen,जोड़ना
69,even,incluso,młme,auch,यहाँ तक की
70,land,tierra,terre,Lande,भूमि
71,here,aquí,ici,hier,यहां
72,must,debe,il faut,muss,जरूर
73,big,grande,grand,groß,बड़े
74,high,alto,haut,hoch,उच्च
75,such,tal,tel,so,ऐसा
76,follow,siga,suivre,folgen,का पालन करें
77,act,acto,acte,Akt,कार्य
78,why,por qué,pourquoi,warum,क्यूं कर
79,ask,preguntar,interroger,fragen,पूछना
80,men,hombres,hommes,Männer,पुरुषों
81,change,cambio,changement,Veränderung,परिवर्तन
82,went,se fue,est allé,ging,गई थी
83,light,luz,lumiŐre,Licht,रोशनी
84,kind,tipo,genre,Art,मेहरबान
85,off,fuera,de,aus,बंद
86,need,necesitará,besoin,müssen,जरुरत
87,house,casa,maison,Haus,मकान
88,picture,imagen,image,Bild,चित्र
89,try,tratar,essayer,versuchen,प्रयत्न
90,us,nosotros,nous,uns,अमेरिका
91,again,de nuevo,encore,wieder,फिर व
92,animal,animal,animal,Tier,जानवर
93,point,punto,point,Punkt,बिंदु
94,mother,madre,mŐre,Mutter,मां
95,world,mundo,monde,Welt,विश्व
96,near,cerca,prŐs de,in der Nähe von,पास में
97,build,construir,construire,bauen,बिल्ड
98,self,auto,soi,selbst,स्वयं
99,earth,tierra,terre,Erde,धरती
100,father,padre,pŐre,Vater,पिता जी
101,any,cualquier,tout,jeder,कोई भी
102,new,nuevo,nouveau,neu,नवीन व
103,work,trabajo,travail,Arbeit,काम क
104,part,parte,partie,Teil,अंश
105,take,tomar,prendre,nehmen,लेना
106,get,conseguir,obtenir,erhalten,प्राप्त
107,place,lugar,lieu,Ort,जगह
108,made,hecho,fabriqué,gemacht,बनाया गया
109,live,vivir,vivre,leben,लाइव
110,where,donde,oŚ,wo,कहां है
111,after,después,aprŐs,nach,के पश्चात
112,back,espalda,arriŐre,zurück,वापस
113,little,poco,peu,wenig,थोड़ा
114,only,sólo,seulement,nur,केवल
115,round,ronda,tour,Runde,गोल
116,man,hombre,homme,Mann,पु रूप
117,year,aĄos,année,Jahr,साल
118,came,vino,est venu,kam,आया
119,show,show,montrer,zeigen,प्रदर्शन
120,every,cada,tous,jeder,प्रत्येक
121,good,buena,bon,gut,अच्छा न
122,me,me,moi,mir,मुझे
123,give,dar,donner,geben,देना
124,our,nuestro,notre,unsere,हमारी
125,under,bajo,sous,unter,के अंतर्गत
126,name,nombre,nom,Name,नाम
127,very,muy,trŐs,sehr,बहुत
128,through,a través de,par,durch,के माध्यम से
129,just,sólo,juste,nur,केवल
130,form,forma,forme,Formular,प्रपत्र
131,sentence,frase,phrase,Satz,वाक्य
132,great,gran,grand,groß,वाह् भई वाह
133,think,pensar,penser,denken,सोच
134,say,decir,dire,sagen,कहो
135,help,ayudar,aider,Hilfe,ह मदद
136,low,bajo,faible,niedrig,कम
137,line,línea,ligne,Linie,लाइन
138,differ,ser distinto,différer,abweichen,अलग
139,turn,"a su vez,",tour,wiederum,मोड़
140,cause,causa,la cause,Ursache,वजह
141,much,mucho,beaucoup,viel,बहुत
142,mean,significará,signifier,bedeuten,मीन
143,before,antes,avant,vor,इससे पहले
144,move,movimiento,déménagement,Umzug,चाल
145,right,derecho,droit,Recht,सही
146,boy,niĄo,garçon,Junge,लड़का
147,old,viejo,vieux,alt,पुराना
148,too,demasiado,trop,zu,बहुत
149,same,misma,młme,gleich,वही
150,she,ella,elle,sie,वह
151,all,todo,tous,alle,सब
152,there,hay,lů,da,क्या आप वहां मौजूद हैं
153,when,cuando,quand,wenn,कब अ
154,up,hasta,jusqu?ů,nach oben,यूपी
155,use,uso,utiliser,Verwendung,प्रयोग करें
156,your,su,votre,Ihre,तो आप का
157,way,camino,maniŐre,Weg,मार्ग
158,about,acerca,sur,über,के बारे में
159,many,muchos,beaucoup,viele,बहुत बह
160,then,entonces,puis,dann,तब फिर
161,them,ellos,les,sie,उन्हें
162,write,escribir,écrire,schreiben,लिखना
163,would,haría,voudrais,würde,चाहेंगे
164,like,como,comme,wie,पसंद
165,so,así,si,so,तोह फिर
166,these,éstos,ces,diese,इन
167,her,su,son,sie,उसके
168,long,largo,long,lange,लंबा
169,make,hacer,faire,machen,बनाना
170,thing,cosa,chose,Sache,चीज़
171,see,ver,voir,sehen,ले देख
172,him,él,lui,ihm,उसे
173,two,dos,deux,zwei,दो
174,has,tiene,a,hat,है
175,look,buscar,regarder,suchen,नज़र
176,more,más,plus,mehr,अधिक
177,day,día,jour,Tag,दिन
178,could,podía,pourrait,könnte,सकता है
179,go,ir,aller,gehen,जाओ
180,come,venir,venir,kommen,आइए
181,did,hizo,fait,tat,किया
182,number,número,nombre,Anzahl,संख्या
183,sound,sonar,son,klingen,ध्वनि
184,no,no,aucun,nicht,नहीं न
185,most,más,plus,am meisten,अधिकांश
186,people,personas,personnes,Menschen,लोग
187,my,mi,ma,meine,मेरे
188,over,sobre,sur,über,ऊपर
189,know,saber,savoir,wissen,जानना
190,water,agua,eau,Wasser,पानी
191,than,que,que,als,से
192,call,llamada,appel,Anruf,कॉल
193,first,primero,premiŐre,erste,प्रथम
194,who,que,qui,die,who
195,may,puede,peut,können,मई
196,down,abajo,vers le bas,nach unten,नीचे
197,side,lado,côté,Seite,पक्ष
198,been,estado,été,gewesen,गया
199,now,ahora,maintenant,jetzt,अब क
200,find,encontrar,trouver,finden,खोज
201,head,cabeza,tłte,Kopf,सिर
202,stand,de pie,supporter,stehen,खड़ा
203,own,propio,propre,besitzen,अपना
204,page,página,page,Seite,पृष्ठ
205,should,debería,devrait,sollte,चाहिए
206,country,país,pays,Land,देश
207,found,encontrado,trouvé,gefunden,मिल गया
208,answer,respuesta,réponse,Antwort,उत्तर
209,school,escuela,école,Schule,स्कूल
210,grow,crecer,croître,wachsen,बढ़ना
211,study,estudio,étude,Studie,अध्ययन
212,still,todavía,encore,noch,फिर भी
213,learn,aprender,apprendre,lernen,सीखना
214,plant,planta,usine,Anlage,पौधा
215,cover,cubierta,couvercle,Abdeckung,आवरण
216,food,alimentos,nourriture,Lebensmittel,खाना
217,sun,sol,soleil,Sonne,रवि
218,four,cuatro,quatre,vier,चार
219,between,entre,entre,zwischen,के बीच
220,state,estado,état,Zustand,राज्य
221,keep,mantener,garder,halten,रखना
222,eye,ojo,?il,Auge,आंख
223,never,nunca,jamais,nie,कभी नहीं
224,last,último,dernier,letzte,पिछले
225,let,dejar,laisser,lassen,लश्कर
226,thought,pensado,pensée,Gedanken,विचार
227,city,ciudad,ville,Stadt,Faridabad
228,tree,árbol,arbre,Baum,पेड़
229,cross,cruzar,traverser,überqueren,पार करना
230,farm,granja,ferme,Bauernhof,खेत
231,hard,duro,dur,schwer,मुश्किल
232,start,inicio,début,Beginn,शुरू
233,might,podría,puissance,Macht,पराक्रम
234,story,historia,histoire,Geschichte,कहानी
235,saw,sierra,scie,Säge,देखा
236,far,ahora,loin,weit,दूर
237,sea,mar,mer,Meer,समुद्र
238,draw,dibujar,tirer,ziehen,खींचना
239,left,izquierda,gauche,links,बाएं
240,late,tarde,tard,spät,विलंब से
241,run,ejecutar,courir,laufen,Daud
242,don?t,no,needs a context,unterlassen Sie,डॉन? टी
243,while,mientras,tandis que,während,जबकि
244,press,prensa,presse,Presse,दबाएँ
245,close,Cerrar,proche,Schließen,बंद करे
246,night,noche,nuit,Nacht,रात
247,real,reales,réel,realen,असली
248,life,vida,vie,Leben,जिंदगी
249,few,pocos,peu,wenige,कुछ
250,north,norte,nord,Norden,उत्तरी
251,book,libro,livre,Buch,पुस्तक
252,carry,llevar,porter,tragen,कैरी
253,took,tomó,a pris,nahm,लिया
254,science,ciencia,science,Wissenschaft,विज्ञान
255,eat,comer,manger,essen,खा
256,room,habitación,chambre,Zimmer,कक्ष
257,friend,amigo,ami,Freund,मित्र
258,began,comenzó,a commencé,begann,शुरू हुआ
259,idea,gusta,idée,Idee,विचार
260,fish,peces,poisson,Fisch,मछली
261,mountain,montaĄa,montagne,berg,पर्वत
262,stop,Deténgase,Arrłtez,Stopp,रुकें
263,once,una vez,une fois,einmal,एक बार
264,base,base de,base,Basis,आधार
265,hear,escuchar,entendre,hören,सुनो
266,horse,caballo,cheval,Pferd,घोड़ा
267,cut,cortada,coupe,Schnitt,कट गया
268,sure,seguro,sľr,sicher,ज़रूर
269,watch,ver,regarder,beobachten,घड़ी
270,color,colores,couleur,Farbe,रंग
271,face,cara,face,Gesicht,चेहरा
272,wood,madera,bois,Holz,लकड़ी
273,main,principal,principal,Haupt-,मुख्य
274,open,abierta,ouvert,geöffnet,खुला हुआ
275,seem,parecer,paraître,scheinen,लगता है
276,together,juntos,ensemble,zusammen,साथ में
277,next,próximo,suivant,nächste,अगला
278,white,blanco,blanc,weiß,सफेद
279,children,niĄos,enfants,Kinder,बाल बच्चे
280,begin,comenzar,commencer,Start,शुरू
281,got,conseguido,eu,bekam,गॉट
282,walk,caminar,marcher,gehen,टहल लो
283,example,ejemplo,exemple,Beispiel,उदाहरण
284,ease,aliviar,facilité,erleichtern,आराम
285,paper,papel,papier,Papier,कागज़
286,group,grupo,groupe,Gruppe,समूह
287,always,siempre,toujours,immer,हमेशा
288,music,música,musique,Musik,संगीत
289,those,los,ceux,diejenigen,उन
290,both,ambos,tous les deux,beide,दोनों
291,mark,marca,marque,Marke,निशान
292,often,menudo,souvent,oft,अक्सर
293,letter,carta,lettre,Schreiben,पत्र
294,until,hasta,jusqu?ů ce que,bis,जब तक
295,mile,milla,mile,Meile,मील
296,river,río,riviŐre,Fluss,नदी
297,car,coche,voiture,Auto,गाड़ी
298,feet,pies,pieds,Füße,पैर का पंजा
299,care,cuidado,soins,Pflege,देखभाल
300,second,segundo,deuxiŐme,zweite,दूसरा
301,enough,suficiente,assez,genug,पर्याप्त
302,plain,llano,plaine,Ebene,मैदान
303,girl,chica,fille,Mädchen,लड़की
304,usual,habitual,habituel,üblich,सामान्य
305,young,joven,jeune,jung,युवा
306,ready,listo,prłt,bereit,तैयार
307,above,por encima de,au-dessus,oben,ऊपर
308,ever,nunca,jamais,je,कभी
309,red,rojo,rouge,rot,लाल
310,list,lista,liste,Liste,सूची
311,though,aunque,bien que,obwohl,हालांकि
312,feel,sentir,sentir,fühlen,महसूस कर
313,talk,charla,parler,Vortrag,बातचीत
314,bird,pájaro,oiseau,Vogel,चिड़िया
315,soon,pronto,bientôt,bald,जल्द ही
316,body,cuerpo,corps,Körper,तन
317,dog,perro,chien,Hund,कुत्ता
318,family,familia,famille,Familie,परिवार
319,direct,directa,direct,direkt,प्रत्यक्ष
320,pose,plantear,pose,Pose,पोज
321,leave,dejar,laisser,verlassen,छोड़ना
322,song,canción,chanson,Lied,गाना
323,measure,medir,mesurer,messen,उपाय
324,door,puerta,porte,Tür,द्वार
325,product,producto,produit,Produkt,उत्पाद
326,black,negro,noir,schwarz,काली
327,short,corto,court,kurz,कम
328,numeral,numeral,chiffre,Zahl,अंक
329,class,clase,classe,Klasse,कक्षा
330,wind,viento,vent,Wind,हवा
331,question,pregunta,question,Frage,सवाल
332,happen,suceder,arriver,passieren,होना
333,complete,completo,complŐte,vollständig,पूर्ण
334,ship,buque,navire,Schiff,समुंद्री जहाज
335,area,zona,zone,Bereich,क्षेत्र
336,half,medio,moitié,Hälfte,आधा
337,rock,roca,rock,Stein,चट्टान
338,order,orden,ordre,bestellen,गण
339,fire,fuego,feu,Feuer,आग
340,south,sur,sud,Süden,दक्षिण
341,problem,problema,problŐme,Problem,संकट
342,piece,pieza,piŐce,Stück,टुकड़ा
343,told,dicho,dit,sagte,बताया था
344,knew,sabía,savait,wusste,जानता था
345,pass,pasar,passer,passieren,उत्तीर्ण करना
346,since,desde,depuis,seit,जबसे
347,top,cima,haut,obere,ऊपर
348,whole,todo,ensemble,ganze,पूरा का पूरा
349,king,rey,roi,König,राजा
350,street,calle,rue,Straße,सड़क
351,inch,pulgadas,pouce,Zoll,इंच
352,multiply,multiplicar,multiplier,multiplizieren,गुणा
353,nothing,nada,rien,nichts,कुछ नहीजी
354,course,curso,cours,Kurs,कोर्स
355,stay,quedarse,rester,bleiben,रहना
356,wheel,rueda,roue,Rad,पहिया
357,full,completo,plein,voll,पूर्ण
358,force,fuerza,force,Kraft,बल
359,blue,azul,bleu,blau,नीला
360,object,objeto,objet,Objekt,वस्तु
361,decide,decidir,décider,entscheiden,तय
362,surface,superficie,surface,Oberfläche,सतह
363,deep,profunda,profond,tief,गहरा
364,moon,luna,lune,Mond,चांद
365,island,isla,île,Insel,द्वीप
366,foot,pie,pied,Fuß,पैर
367,system,sistema,systŐme,System,प्रणाली
368,busy,ocupado,occupé,beschäftigt,व्यस्त
369,test,prueba,test,Prüfung,परीक्षा
370,record,registro,record,Rekord,अभिलेख
371,boat,barco,bateau,Boot,नाव
372,common,común,commun,gemeinsam,सामान्य
373,gold,oro,or,goldenen,सोना
374,possible,posible,possible,möglich,संभव के
375,plane,plano,plan,Flugzeug,विमान
376,stead,lugar,place,statt,जगह
377,dry,seco,sec,trocken,सूखी
378,wonder,maravilla,se demander,Wunder,आश्चर्य
379,laugh,risa,rire,Lachen,हसना
380,thousand,mil,mille,tausend,हज़ार
381,ago,hace,il ya,vor,पूर्व
382,ran,corrió,ran,lief,दौड़ा
383,check,comprobar,vérifier,überprüfen,चेक
384,game,juego,jeu,Spiel,खेल
385,shape,forma,forme,Form,आकार
386,equate,equiparar,assimiler,gleichsetzen,समानता
387,hot,caliente,chaud,heiß,गरम
388,miss,seĄorita,manquer,Fehl,कुमारी र
389,brought,traído,apporté,gebracht,ले आया
390,heat,calor,chaleur,Wärme,तपिश
391,snow,nieve,neige,Schnee,हिमपात
392,tire,neumáticos,pneu,Reifen,टायर
393,bring,traer,apporter,bringen,लाओ
394,yes,sí,oui,ja,हाँ
395,distant,distante,lointain,entfernt,दूर
396,fill,llenar,remplir,füllen,भरण
397,east,al este,est,Osten,पूर्व
398,paint,pintar,peindre,malen,रंग
399,language,idioma,langue,Sprache,भाषा: हिन्दी
400,among,entre,entre,unter,के बीच में
401,unit,unidad,unité,Einheit,इकाई
402,power,potencia,puissance,Macht,शक्ति
403,town,ciudad,ville,Stadt,नगर
404,fine,fina,fin,fein,ठीक
405,certain,cierto,certain,sicher,कुछ
406,fly,volar,voler,fliegen,उड़ना
407,fall,caer,tomber,fallen,गिरना
408,lead,conducir,conduire,führen,नेतृत्व
409,cry,grito,cri,Schrei,रोना
410,dark,oscuro,sombre,dunkel,अंधेरा
411,machine,máquina,machine,Maschine,मशीन
412,note,nota,Note,note,ध्यान दें
413,wait,espere,patienter,warten,रुको
414,plan,plan de,plan,Plan,योजना
415,figure,figura,figure,Abbildung,आकृति
416,star,estrella,étoile,Stern,सितारा
417,box,caja,boîte,Kasten,डिब्बा
418,noun,sustantivo,nom,Nomen,संज्ञा
419,field,campo,domaine,Feld,मैदान
420,rest,resto,reste,Rest,आराम
421,correct,correcta,correct,richtig,सही बात
422,able,capaz,capable,fähig,योग्य
423,pound,libra,livre,Pfund,पौंड
424,done,hecho,Terminé,getan,किया हुआ
425,beauty,belleza,beauté,Schönheit,सुंदरता
426,drive,unidad,entraînement,Antriebs,चलाना
427,stood,destacado,résisté,stand,खड़ा था
428,contain,contener,contenir,enthalten,शामिल
429,front,delante,avant,Front,सामने
430,teach,enseĄar,enseigner,lehren,सिखाने
431,week,semana,semaine,Woche,सप्ताह
432,final,último,finale,Finale,अंतिम
433,gave,dio,donné,gab,दिया
434,green,verde,vert,grün,हरा
435,oh,oh,oh,oh,ओह
436,quick,rápido,rapide,schnell,शीघ्र
437,develop,desarrollar,développer,entwickeln,विकसित करना
438,ocean,océano,océan,Ozean,सागर
439,warm,caliente,chaud,warme,गरम
440,free,libre,gratuit,kostenlos,नि: शुल्क
441,minute,minuto,minute,Minute,मिनट
442,strong,fuerte,fort,stark,मजबूत
443,special,especial,spécial,besondere,विशेष
444,mind,mente,esprit,Geist,मन
445,behind,detrás,derriŐre,hinter,पीछे - पीछे
446,clear,claro,clair,klar,स्पष्ट
447,tail,cola,queue,Schwanz,पूंछ
448,produce,Produce,produire,produzieren,उत्पादित करें
449,fact,hecho,fait,Tatsache,तथ्य
450,space,espacio,espace,Raum,अंतरिक्ष
451,heard,oído,entendu,gehört,हर्ड
452,best,mejor,meilleur,beste,श्रेष्ठ
453,hour,horas,heure,Stunde,इस घंटे
454,better,mejor,mieux,besser,बेहतर
455,TRUE,verdadero,vrai,wahr,सच
456,during,durante,pendant,während,दौरान
457,hundred,cien,cent,hundert,सौ
458,five,cinco,cinq,fünf,पांच
459,remember,recordar,rappeler,merken,याद करते
460,step,paso,étape,Schritt,कदम
461,early,temprana,tôt,früh,शीघ्र
462,hold,mantenga,tenir,halten,होल्ड
463,west,oeste,ouest,Westen,पश्चिम
464,ground,suelo,sol,Boden,भूमि
465,interest,interés,intérłt,Interesse,ब्याज
466,reach,llegar,atteindre,erreichen,पहुंच
467,fast,rápido,rapide,schnell,तेज
468,verb,verbo,verbe,Verbum,क्रिया
469,sing,cantar,chanter,singen,गाओ
470,listen,escuchar,écouter,hören,बात सुनो
471,six,seis,six,sechs,छह
472,table,mesa,table,Tabelle,टेबल
473,travel,viajes,Voyage,Reise,यात्रा करना
474,less,menos,moins,weniger,कम से
475,morning,maĄana,matin,Morgen,सुबह
476,ten,diez,dix,zehn,दस
477,simple,sencilla,simple,einfach,सरल
478,several,varios,plusieurs,mehrere,कई
479,vowel,vocal,voyelle,Vokal,स्वर
480,toward,hacia,vers,auf,की ओर
481,war,guerra,guerre,Krieg,युद्ध
482,lay,sentar,poser,legen,लेज़
483,against,contra,contre,gegen,विरुद्ध
484,pattern,patrón,modŐle,Muster,प्रतिरूप
485,slow,lenta,lent,schleppend,धीरे
486,center,centro,centre,Zentrum,केन्द्र
487,love,amar,amour,Liebe,माही माही
488,person,persona,personne,Person,व्यक्ति
489,money,dinero,argent,Geld,पैसे
490,serve,servir,servir,dienen,सेवा कर
491,appear,aparecerá,apparaître,erscheinen,दिखाई
492,road,carretera,route,Straße,सड़क
493,map,mapa,carte,Karte,नक्शा
494,rain,lluvia,pluie,regen,वर्षा
495,rule,regla,rŐgle,Regel,नियम
496,govern,gobernar,gouverner,regieren,को नियंत्रित करने वाले
497,pull,Halar,tirer,ziehen,खींचें
498,cold,frío,froid,Kälte,सर्दी
499,notice,aviso,avis,Hinweis,नोटिस
500,voice,voz,voix,Stimme,आवाज़
501,energy,energía,énergie,Energie,ऊर्जा
502,hunt,caza,chasse,Jagd,शिकार
503,probable,probable,probable,wahrscheinlich,संभावित
504,bed,cama,lit,Bett,बिस्तर
505,brother,hermano,frŐre,Bruder,भाई साहब
506,egg,huevo,?uf,Ei,अंडा
507,ride,paseo,tour,Fahrt,सवारी
508,cell,celular,cellule,Zelle,सेल
509,believe,creer,croire,glauben,विश्वास करते हैं
510,perhaps,quizás,peut-łtre,vielleicht,शायद
511,pick,recoger,choisir,pflücken,चुनना
512,sudden,repentina,soudain,plötzlich,अचानक
513,count,contar,compter,zählen,गिनती
514,square,plaza,carré,Platz,वर्ग
515,reason,razón,raison,Grund,कारण
516,length,longitud,longueur,Dauer,लंबाई
517,represent,representar,représenter,vertreten,का प्रतिनिधित्व
518,art,arte,art,Kunst,कला
519,subject,sujeto,sujet,Thema,विषय
520,region,región,région,Region,क्षेत्र
521,size,tamaĄo,taille,Größe,आकार
522,vary,variar,varier,variieren,भिन्न
523,settle,resolver,régler,regeln,रुकना
524,speak,hablar,parler,sprechen,बात क
525,weight,peso,poids,Gewicht,वजन
526,general,general,général,allgemein,आम
527,ice,hielo,glace,Eis,बर्फ
528,matter,materia,question,Materie,मामला
529,circle,círculo,cercle,Kreis,वृत्त
530,pair,par,paire,Paar,जोड़ा
531,include,incluir,inclure,umfassen,शामिल
532,divide,brecha,fracture,Kluft,विभाजन
533,syllable,sílaba,syllabe,Silbe,शब्दांश
534,felt,sentido,feutre,Filz,लगा
535,grand,gran,grandiose,groß,बड़ा
536,ball,bola,balle,Kugel,गेंद
537,yet,aún,encore,noch,अभी तक
538,wave,ola,vague,Welle,लहर
539,drop,caer,tomber,fallen,ड्रॉप
540,heart,corazón,c?ur,Herz,दिल
541,am,am,h,Uhr,बजे
542,present,presente,présent,vorhanden,वर्तमान
543,heavy,pesada,lourd,schwer,हैवी
544,dance,danza,danse,Tanz,नृत्य
545,engine,motor,moteur,Motor,यन्त्र
546,position,posición,position,Position,पद
547,arm,brazo,bras,Arm,हाथ
548,wide,amplio,large,breit,चौड़ा
549,sail,vela,voile,Segel,जलयात्रा
550,material,materiales,matériel,Material,सामग्री
551,fraction,fracción,fraction,Fraktion,अंश
552,forest,bosque,forłt,Wald,जंगल
553,sit,sentarse,s?asseoir,sitzen,बैठिये
554,race,carrera,course,Rennen,रेस
555,window,ventana,fenłtre,Fenster,खिड़की
556,store,tienda,magasin,Speicher,दुकान
557,summer,verano,été,Sommer,गर्मी
558,train,tren,train,Zug,रेल गाडी
559,sleep,sueĄo,sommeil,Schlaf,नींद
560,prove,demostrar,prouver,beweisen,साबित करना
561,lone,solitario,seul,einsam,अकेला
562,leg,pierna,jambe,Bein,टांग
563,exercise,ejercicio,exercice,Übung,व्यायाम
564,wall,pared,mur,Wand,दीवार
565,catch,capturas,capture,Fang,पकड़
566,mount,monte,monture,Berg,पर्वत
567,wish,desear,souhaiter,wünschen,तमन्ना
568,sky,cielo,ciel,Himmel,आकाश
569,board,bordo,conseil,Board,मंडल
570,joy,alegría,joie,Freude,हर्ष
571,winter,invierno,hiver,Winter,सर्दी
572,sat,satélite,sat,sa,बैठ गया
573,written,escrito,écrit,geschrieben,लिखा हुआ
574,wild,salvaje,sauvage,wilden,जंगली
575,instrument,instrumento,instrument,Instrument,यंत्र
576,kept,guardado,conservé,gehalten,रखा हुआ
577,glass,vidrio,verre,Glas,कांच
578,grass,hierba,herbe,Gras,घास
579,cow,vaca,vache,Kuh,गाय
580,job,trabajo,emploi,Arbeit,काम
581,edge,borde,bord,Rand,एज
582,sign,signo,signe,Zeichen,संकेत
583,visit,visita,visite,Besuch,यात्रा
584,past,pasado,passé,Vergangenheit,अतीत
585,soft,suave,doux,weich,मुलायम
586,fun,diversión,amusement,Spaß,आनंद
587,bright,brillante,clair,hell,उज्ज्वल
588,gas,gas,gaz,Gases,गैस
589,weather,tiempo,temps,Wetter,मौसम
590,month,mes,mois,Monat,महीना
591,million,millones,million,Million,दस लाख
592,bear,soportar,porter,tragen,भालू
593,finish,acabado,finition,Finish,खत्म हो
594,happy,feliz,heureux,glücklich,शुभ स
595,hope,esperanza,espoir,hoffen,आशा
596,flower,flor,fleur,blume,फूल
597,clothe,vestir,vłtir,kleiden,कपड़े
598,strange,extraĄo,étrange,seltsam,अजीब
599,gone,se ha ido,disparu,Vorbei,गया हुआ
600,trade,comercio,commerce,Handel,व्यापार
601,melody,melodía,mélodie,Melodie,राग
602,trip,viaje,voyage,Reise,यात्रा
603,office,oficina,bureau,Büro,कार्यालय
604,receive,recibir,recevoir,empfangen,प्राप्त करें
605,row,fila,rangée,Reihe,पंक्ति
606,mouth,boca,bouche,Mund,मुंह
607,exact,exacta,exact,genau,सटीक
608,symbol,símbolo,symbole,Zeichen,प्रतीक
609,die,morir,mourir,sterben,मरना
610,least,menos,moins,am wenigsten,कम से कम
611,trouble,problema,difficulté,Ärger,मुसीबत
612,shout,grito,cri,Schrei,चिल्लाओ
613,except,excepto,sauf,außer,के सिवाय
614,wrote,escribió,écrit,schrieb,लिखा था
615,seed,semilla,semence,Samen,बीज
616,tone,tono,ton,Ton,सुर
617,join,unirse,joindre,beitreten,में शामिल होने के
618,suggest,sugerir,suggérer,vorschlagen,सुझाना
619,clean,limpia,propre,sauber,स्वच्छ
620,break,rotura,pause,Pause,टूटना
621,lady,dama,dame,Dame,भद्र महिला
622,yard,patio,cour,Hof,यार्ड
623,rise,aumentando,augmenter,steigen,वृद्धि
624,bad,mal,mauvais,schlecht,खराब
625,blow,golpe,coup,Schlag,फुंक मारा
626,oil,aceite,huile,Öl,तेल
627,blood,sangre,sang,Blut,रक्त
628,touch,tocar,toucher,berühren,स्पर्श
629,grew,creció,a augmenté,wuchs,बढ़ी
630,cent,ciento,cent,Cent,प्रतिशत
631,mix,mezclar,mélanger,mischen,मिक्स
632,team,equipo,équipe,Mannschaft,टीम
633,wire,alambre,fil,Draht,वायर
634,cost,costo,coľt,Kosten,लागत
635,lost,perdido,perdu,verloren,खोया हुआ
636,brown,marrón,brun,braun,भूरा
637,wear,desgaste,porter,tragen,पहन लेना
638,garden,jardín,jardin,Garten,बगीचा
639,equal,igual,égal,gleich,बराबरी का
640,sent,enviado,expédié,gesendet,भेजे गए
641,choose,elegir,choisir,wählen,चुनें
642,fell,cayó,est tombé,fiel,गिर गया
643,fit,encajar,s?adapter,passen,फिट
644,flow,fluir,débit,fließen,बहे
645,fair,justo,juste,Messe,निष्पक्ष
646,bank,banco,banque,Bank,बैंक
647,collect,recoger,recueillir,sammeln,कलेक्ट
648,save,guardar,sauver,sparen,बचा ले
649,control,el control,contrôle,Kontrolle,नियंत्रण
650,decimal,decimal,décimal,dezimal,दशमलव
651,ear,oído,oreille,Ohr,कान
652,else,demás,autre,sonst,अन्य
653,quite,bastante,tout ů fait,ganz,काफी
654,broke,rompió,cassé,pleite,तोड़ दिया
655,case,caso,cas,Fall,मामला
656,middle,medio,milieu,Mitte,मध्य
657,kill,matar,tuer,töten,मार
658,son,hijo,fils,Sohn,बेटा
659,lake,lago,lac,See,झील
660,moment,momento,moment,Moment,पल
661,scale,escala,échelle,Maßstab,स्केल
662,loud,fuerte,fort,laut,जोर
663,spring,primavera,printemps,Frühling,बहार ह
664,observe,observar,observer,beobachten,निरीक्षण
665,child,niĄo,enfant,Kind,बच्चा
666,straight,recta,droit,gerade,सीधे
667,consonant,consonante,consonne,Konsonant,व्यंजन
668,nation,nación,nation,Nation,राष्ट्र
669,dictionary,diccionario,dictionnaire,Wörterbuch,शब्दकोश
670,milk,leche,lait,milch,दूध
671,speed,velocidad,vitesse,Geschwindigkeit,स्पीड
672,method,método,méthode,Verfahren,तरीका
673,organ,órgano,organe,Orgel,अंग
674,pay,pagar,payer,zahlen,भुगतान करते हैं
675,age,edad,âge,Alter,उम्र
676,section,sección,section,Abschnitt,अनुभाग
677,dress,vestido,robe,Kleid,परिधान
678,cloud,nube,nuage,Wolke,बादल
679,surprise,sorpresa,surprise,Überraschung,आश्चर्य
680,quiet,tranquila,calme,ruhig,शांत
681,stone,piedra,pierre,Stein,पत्थर
682,tiny,pequeĄo,minuscule,winzig,छोटे
683,climb,ascenso,montée,Aufstieg,चढना
684,cool,fresco,frais,kühlen,ठंडा
685,design,diseĄo,conception,Entwurf,डिज़ाइन
686,poor,pobre,pauvres,arm,गरीब
687,lot,mucho,lot,Menge,बहुत
688,experiment,experimento,expérience,Versuch,प्रयोग
689,bottom,inferior,bas,Boden,तल
690,key,clave,clé,Schlüssel,चाभी
691,iron,hierro,fer,Eisen,लोहा
692,single,sola,unique,Einzel,एक
693,stick,palillo,bâton,Stick,छड़ी
694,flat,plana,plat,Wohnung,समतल
695,twenty,veinte,vingt,zwanzig,बीस
696,skin,piel,peau,Haut,त्वचा
697,smile,sonrisa,sourire,Lächeln,मुस्कुराओ
698,crease,pliegue,pli,Falte,शिकन
699,hole,agujero,trou,Loch,छेद
700,jump,saltar,sauter,springen,कूद
701,baby,bebé,bébé,Kind,बेबी
702,eight,ocho,huit,acht,आठ
703,village,pueblo,village,Dorf,गाँव
704,meet,se reúnen,se rencontrent,treffen,मिलना
705,root,raíz,racine,Wurzel,जड़
706,buy,comprar,acheter,kaufen,खरीद
707,raise,aumentar,augmenter,erhöhen,बढ़ाने
708,solve,resolver,résoudre,lösen,का समाधान
709,metal,de metal,métal,Metall,धातु
710,whether,si,si,ob,कि क्या
711,push,empujar,pousser,drücken,धक्का दें
712,seven,siete,sept,sieben,सात
713,paragraph,párrafo,paragraphe,Absatz,अनुच्छेद
714,third,tercero,troisiŐme,dritte,तीसरा
715,shall,deberá,doit,wird,करेगा
716,held,en espera,en attente,Hand,आयोजित
717,hair,pelo,cheveux,Haar,केश
718,describe,describir,décrire,beschreiben,वर्णन
719,cook,cocinero,cuisinier,Koch,रसोइया
720,floor,piso,étage,Boden,मंज़िल
721,either,ya sea,chaque,entweder,भी
722,result,resultado,résultat,Ergebnis,परिणाम
723,burn,quemar,brľler,brennen,जलाना
724,hill,colina,colline,Hügel,पहाड़ी
725,safe,seguro,coffre-fort,sicher,सुरक्षित
726,cat,gato,chat,Katze,बिल्ली
727,century,siglo,siŐcle,Jahrhundert,सदी
728,consider,considerar,envisager,betrachten,विचार करें
729,type,tipo,type,Typ,प्रकार
730,law,ley,droit,Gesetz,कानून
731,bit,bit,peu,Bit,बिट
732,coast,costa,côte,Küste,कोस्ट
733,copy,copia,copie,Kopie,प्रतिलिपि
734,phrase,frase,phrase,Ausdruck,मुहावरा
735,silent,silencio,silencieux,still,मूक
736,tall,de altura,haut,hoch,लंबा
737,sand,arena,sable,Sand,रेत
738,soil,suelo,sol,Boden,मिट्टी
739,roll,rollo,rouleau,Rolle,घूमना
740,temperature,temperatura,température,Temperatur,तापमान
741,finger,dedo,doigt,Finger,उंगली
742,industry,industria,industrie,Industrie,उद्योग
743,value,valor,valeur,Wert,मूल्य
744,fight,lucha,lutte,Kampf,लड़ाई
745,lie,mentira,mensonge,Lüge,झूठ
746,beat,batir,battre,schlagen,हराना
747,excite,excitar,exciter,begeistern,एक्साइट
748,natural,naturales,naturel,natürlich,प्राकृतिक
749,view,vista,vue,Blick,राय
750,sense,sentido,sens,Sinn,समझ
751,capital,de capital,capital,Hauptstadt,राजधानी
752,won?t,no lo hará,ne sera pas,wird nicht,जीता? टी
753,chair,silla,chaise,Stuhl,कुरसी
754,danger,peligro,danger,Achtung,खतरा
755,fruit,fruta,fruit,Obst,फल
756,rich,rica,riche,reich,धनी
757,thick,de espesor,épais,dick,मोटा
758,soldier,soldado,soldat,Soldat,फोजी
759,process,proceso,processus,Prozess,प्रोसेस
760,operate,operar,fonctionner,betreiben,संचालित
761,practice,práctica,pratique,Praxis,अभ्यास
762,separate,separada,séparé,trennen,अलग
763,difficult,difícil,difficile,schwierig,कठिन
764,doctor,médico,médecin,Arzt,चिकित्सक
765,please,por favor,s?il vous plaît,Bitte,कृप्या अ
766,protect,proteger,protéger,schützen,रक्षा करना
767,noon,mediodía,midi,Mittag,दोपहर
768,crop,de cultivos,récolte,Ernte,काटना
769,modern,moderno,moderne,modernen,आधुनिक
770,element,elemento,élément,Elementes,तत्त्व
771,hit,golpear,frapper,treffen,मारो
772,student,estudiante,étudiant,Schüler,छात्र
773,corner,esquina,coin,Ecke,कोने
774,party,partido,partie,Partei,पार्टी
775,supply,suministro,alimentation,Versorgung,आपूर्ति
776,whose,cuya,dont,deren,किसका
777,locate,localizar,localiser,lokalisieren,का पता लगाने
778,ring,anillo,anneau,Rings,अंगूठी
779,character,carácter,caractŐre,Charakter,चरित्र
780,insect,insecto,insecte,insekt,कीट
781,caught,capturado,pris,gefangen,पकड़े गए
782,period,período,période,Zeit,अवधि
783,indicate,indicar,indiquer,zeigen,संकेत मिलता है
784,radio,Radio,radio,Funk,रेडियो
785,spoke,habló,rayon,Speiche,स्पोक
786,atom,átomo,atome,Atom,परमाणु
787,human,humana,humain,Mensch,मानव
788,history,historia,histoire,Geschichte,इतिहास
789,effect,efecto,effet,Wirkung,प्रभाव
790,electric,eléctrica,électrique,elektrisch,बिजली
791,expect,esperar,attendre,erwarten,उम्मीद
792,bone,hueso,os,Knochen,हड्डी
793,rail,ferrocarril,rail,Schiene,रेल
794,imagine,imaginar,imaginer,vorstellen,कल्पना कीजिए
795,provide,proporcionar,fournir,bieten,प्रदान करें
796,agree,acuerdo,se mettre d?accord,zustimmen,इस बात से सहमत
797,thus,"por tanto,",ainsi,so,इस प्रकार
798,gentle,suave,doux,sanft,सज्जन
799,woman,mujer,femme,Frau,महिला
800,captain,capitán,capitaine,Kapitän,कप्तान
801,guess,adivinar,deviner,erraten,अनुमान
802,necessary,necesario,nécessaire,erforderlich,ज़रूरी
803,sharp,agudo,net,scharf,तेज़
804,wing,ala,aile,Flügel,विंग
805,create,crear,créer,schaffen,सृजन करना
806,neighbor,vecino,voisin,Nachbar,पड़ोसी
807,wash,lavado,lavage,Wasch,धुलाई
808,bat,bate,chauve-souris,Fledermaus,बल्ला
809,rather,más bien,plutôt,eher,बल्कि
810,crowd,multitud,foule,Menge,भीड़
811,corn,maíz,blé,mais,मक्का
812,compare,comparar,comparer,vergleichen,तुलना
813,poem,poema,poŐme,Gedicht,कविता
814,string,cadena,chaîne,Schnur,तार
815,bell,campana,cloche,Glocke,घंटी
816,depend,dependerá,dépendre,abhängen,निर्भर
817,meat,carne,viande,Fleisch,मांस
818,rub,frotar,rub,einreiben,रगड़
819,tube,tubo,tube,Rohr,ट्यूब
820,famous,famoso,célŐbre,berühmt,ख्याति प्राप्त
921,dollar,dólar,dollar,Dollar,डॉलर
822,stream,corriente,courant,Strom,धारा
823,fear,miedo,peur,Angst,डर
284,sight,vista,vue,Blick,दृष्टि
825,thin,delgado,mince,dünn,पतला
826,triangle,triángulo,triangle,Dreieck,त्रिकोण
827,planet,planeta,planŐte,Erde,ग्रह
828,hurry,prisa,se dépłcher,Eile,जल्दी कीजिये
829,chief,jefe,chef,Chef,दार सर
830,colony,colonia,colonie,Kolonie,कालोनी
831,clock,reloj,horloge,Uhr,घड़ी
832,mine,mina,mine,Mine,मेरी
833,tie,empate,lien,Krawatte,गुलोबन्द
834,enter,entrar,entrer,eingeben,दर्ज करें
835,major,importante,majeur,Dur,प्रमुख
836,fresh,fresco,frais,frisch,ताज़ा
837,search,búsqueda,recherche,Suche,खोज कर
838,send,enviar,envoyer,senden,भेजने
839,yellow,amarillo,jaune,gelb,पीला
840,gun,pistola,pistolet,Pistole,बंदूक
841,allow,permitir,permettre,erlauben,अनुमति
842,print,print,impression,Druck,प्रिंट
843,dead,muerto,mort,tot,मरे हुए
844,spot,lugar,place,Stelle,स्थान
845,desert,desierto,désert,Wüste,रेगिस्तान
846,suit,traje,costume,Anzug,सूट
847,current,actual,courant,Strom,वर्तमान
848,lift,ascensor,ascenseur,Aufzug,लिफ़्ट
840,rose,rosa,rose,stiegen,गुलाब का फूल
850,arrive,llegar,arriver,ankommen,आने
851,master,master,maître,Stamm,गुरुजी
852,track,pista,piste,Spur,धावन पथ
853,parent,padre,mŐre,Elternteil,माता-पिता
854,shore,orilla,rivage,Ufer,किनारा
855,division,división,division,Teilung,विभाजन
856,sheet,hoja,feuille,Blatt,चादर
857,substance,sustancia,substance,Substanz,पदार्थ
858,favor,favorecer,favoriser,begünstigen,एहसान
859,connect,conectar,relier,verbinden,जुडिये
860,post,mensaje,poste,nach,पद
861,spend,pasar,passer,verbringen,खर्च करते हैं
862,chord,acorde,corde,Akkord,तार
863,fat,grasa,graisse,Fett,मोटी
864,glad,contento,heureux,froh,प्रसन्न
865,original,originales,original,Original,मूल
866,share,cuota,part,Aktie,शेयर
867,station,estación,station,Station,स्टेशन
868,dad,papá,papa,Papa,पिता
869,bread,pan,pain,Brot,रोटी
870,charge,cobrar,charger,aufladen,चार्ज
871,proper,adecuada,propre,richtig,उचित
872,bar,barra,bar,Leiste,बार
873,offer,oferta,proposition,Angebot,प्रस्ताव
874,segment,segmento,segment,Segment,खंड
875,slave,esclavo,esclave,Sklave,दास
876,duck,pato,canard,ente,बत्तख
877,instant,instantánea,instant,Augenblick,तुरंत
878,market,mercado,marché,Markt,मंडी
879,degree,grado,degré,Grad,डिग्री
880,populate,poblar,peupler,besiedeln,आबाद करना
881,chick,polluelo,poussin,küken,लड़की
882,dear,querido,cher,liebe,प्रिय
883,enemy,enemigo,ennemi,Feind,दुश्मन
884,reply,responder,répondre,antworten,जवाब दे दो
885,drink,bebida,boisson,Getränk,पीना
886,occur,producirse,se produire,auftreten,पाए जाते हैं
887,support,apoyo,support,Unterstützung,सहयोग
888,speech,discurso,discours,Rede,भाषण
889,nature,naturaleza,nature,Natur,प्रकृति
890,range,alcance,gamme,Angebot,रेंज
891,steam,vapor,vapeur,Dampf,भाप
892,motion,movimiento,mouvement,Bewegung,प्रस्ताव
893,path,camino,chemin,Weg,पथ
894,liquid,líquido,liquide,Flüssigkeit,तरल
895,log,log,enregistrer,protokollieren,लॉग
896,meant,significado,signifiait,gemeint,मतलब
897,quotient,cociente,quotient,Quotient,लब्धि
898,teeth,dientes,dents,Gebiss,दांत
899,shell,concha,coquille,Schale,शेल
900,neck,cuello,cou,Hals,गरदन
901,oxygen,oxígeno,oxygŐne,Sauerstoff,ऑक्सीजन
902,sugar,azúcar,sucre,Zucker,चीनी
903,death,muerte,décŐs,Tod,मौत
904,pretty,bastante,assez,ziemlich,सुंदर हे
905,skill,habilidad,compétence,Geschicklichkeit,कौशल
906,women,mujeres,femmes,Frauen,महिलाओं
907,season,temporada,saison,Saison,मौसम
908,solution,solución,solution,Lösung,समाधान
909,magnet,imán,aimant,Magnet,चुंबक
910,silver,plata,argent,Silber,चांदी
911,thank,gracias,merci,danken,धन्यवाद
912,branch,rama,branche,Zweig,डाली
913,match,partido,rencontre,Spiel,मेल खाते हैं
914,suffix,sufijo,suffixe,Suffix,प्रत्यय
915,especially,especialmente,particuliŐrement,insbesondere,विशेष रूप से
916,fig,higo,figue,Feige,अंजीर
917,afraid,miedo,peur,ängstlich,डरा हुआ
918,huge,enorme,énorme,riesig,विशाल
919,sister,hermana,s?ur,Schwester,बहन
920,steel,acero,acier,Stahl,इस्पात
921,discuss,discutir,discuter,diskutieren,चर्चा करें
922,forward,adelante,avant,vorwärts,आगे
923,similar,similar,similaire,ähnlich,समान
924,guide,guiar,guider,führen,मार्गदर्शक
925,experience,experiencia,expérience,Erfahrung,अनुभव
926,score,puntuación,score,Partitur,स्कोर
927,apple,manzana,pomme,apfel,सेब
928,bought,comprado,acheté,gekauft,खरीद लिया
929,led,llevado,LED,geführt,एलईडी
930,pitch,pitch,pas,Tonhöhe,पिच
931,coat,abrigo,manteau,Mantel,कोट
932,mass,masa,masse,Masse,द्रव्यमान
933,card,tarjeta,carte,Karte,कार्ड
934,band,banda,bande,Band,बैंड
935,rope,cuerda,corde,Seil,रस्सी
936,slip,deslizamiento,glissement,Rutsch,पर्ची
937,win,ganar,gagner,gewinnen,जीत
938,dream,soĄar,rłver,träumen,सपना है
939,evening,noche,soirée,Abend,शाम
940,condition,condición,condition,Zustand,स्थिति
941,feed,pienso,alimentation,Futtermittel,चारा
942,tool,herramienta,outil,Werkzeug,साधन
943,total,totales,total,gesamt,संपूर्ण
944,basic,básico,de base,Basis,बुनियादी
945,smell,olor,odeur,Geruch,गंध
946,valley,valle,vallée,Tal,घाटी
947,nor,ni,ni,noch,न
948,double,doble,double,doppelt,दोहरा
949,seat,asiento,siŐge,Sitz,सीट
950,continue,continuar,continuer,fortsetzen,जारी रखें
951,block,bloque,bloc,Block,खंड मैथा
952,chart,tabla,graphique,Tabelle,चार्ट
953,hat,sombrero,chapeau,Hut,टोपी
954,sell,vender,vendre,verkaufen,बेचना
955,success,éxito,succŐs,Erfolg,सफलता
956,company,empresa,entreprise,Firma,कंपनी
957,subtract,restar,soustraire,subtrahieren,घटाना
958,event,evento,événement,Veranstaltung,प्रतिस्पर्धा
959,particular,"particular,",particulier,besondere,विशेष
960,deal,acuerdo,accord,viel,सौदा
961,swim,nadar,baignade,schwimmen,तैराकी
962,term,plazo,terme,Begriff,अवधि
963,opposite,opuesta,opposé,Gegenteil,सामने
964,wife,esposa,femme,Frau,पत्नी
965,shoe,zapato,chaussure,Schuh,जूता
966,shoulder,hombro,épaule,Schulter,कंधा
967,spread,propagación,propagation,Verbreitung,फैलाव
968,arrange,organizar,organiser,arrangieren,व्यवस्था
969,camp,campamento,camp,Lager,शिविर
970,invent,inventar,inventer,erfinden,आविष्कार करना
971,cotton,algodón,coton,Baumwolle,कपास
972,born,nacido,né,geboren,उत्पन्न होने वाली
973,determine,determinar,déterminer,bestimmen,निर्धारित
974,quart,cuarto de galón,litre,Quart,चौथाई गेलन
975,nine,nueve,neuf,neun,नौ
976,truck,camión,camion,Lastwagen,ट्रक
977,noise,ruido,bruit,Lärm,शोर
978,level,nivel,niveau,Ebene,स्तर
979,chance,oportunidad,chance,Chance,मोका
980,gather,reunir,recueillir,sammeln,इकट्ठा
981,shop,tienda,boutique,Geschäft,दुकान
982,stretch,tramo,tronçon,Stretch,खिंचाव
983,throw,lanzar,jeter,werfen,फेंकना
984,shine,brillo,éclat,Glanz,चमक
985,property,propiedad,propriété,Immobilien,संपत्ति
986,column,columna,colonne,Spalte,स्तंभ
987,molecule,molécula,molécule,Molekül,अणु
988,select,seleccionar,sélectionner,wählen,चुनते हैं
989,wrong,mal,mal,falsch,गलत
990,gray,gris,gris,grau,धूसर
991,repeat,repita,répétition,Wiederholung,दोहराना
992,require,exigir,exiger,erfordern,की आवश्यकता होती है
993,broad,amplio,large,breit,ब्रॉड
994,prepare,preparar,préparer,vorbereiten,तैयार
995,salt,sal,sel,Salz,नमक
996,nose,nariz,nez,Nase,नाक
997,plural,plurales,pluriel,mehreren,बहुवचन
998,anger,cólera,colŐre,Zorn,गुस्सा
999,claim,reclamación,revendication,Anspruch,दावा
1000,continent,continente,contexte,Kontinent,महाद्वीप
1001,background,antecedentes,Arrière-plan,Hintergrund,पृष्ठभूमि
1002,tench,tenca,tanche,Schleie,टेंच
1003,goldfish,pez de colores,poisson rouge,Goldfisch,ज़र्द मछली
1004,great white shark,gran tiburón blanco,grand requin blanc,großer weißer Hai,विशाल सफेद शार्क
1005,tiger shark,tiburón tigre,requin tigre,Tigerhai,टाइगर शार्क
1006,hammerhead,martillo,hammerhead,Hammerkopf,हथौड़ा का सिरा
1007,electric ray,raya eléctrica,ray électrique,Zitterrochen,बिजली रे
1008,stingray,mantarraya,Raie,Stachelrochen,stingray
1009,cock,polla,coq,Schwanz,मुर्गा
1010,hen,gallina,poule,Henne,मुर्गी
1011,ostrich,avestruz,autruche,Strauß,शुतुरमुर्ग
1012,brambling,pinzón,pinson,brambling,brambling
1013,goldfinch,jilguero,chardonneret,Stieglitz,सोने का सिक्का
1014,house finch,pinzón de casa,roselin,Haus finch,घर चिड़िया
1015,junco,junco,Junco,Junco,Junco
1016,indigo bunting,empavesado de añil,bruant indigo,indigo bunting,इंडिगो बन्टिंग
1017,robin,Robin,rouge-gorge,Robin,रोबिन
1018,bulbul,Bulbul,bulbul,bulbul,बुलबुल
1019,jay,arrendajo,geai,Eichelhäher,नीलकंठ
1020,magpie,urraca,pie,Elster,अधेला
1021,chickadee,paro,mésange,Meise,चिकैडी
1022,water ouzel,Ouzel agua,merle d'eau,Wasseramsel,पानी ऊज़्ल
1023,kite,cometa,cerf-volant,Drachen,पतंग
1024,bald eagle,Águila calva,Pygargue à tête blanche,Weißkopfseeadler,गंजा ईगल
1025,vulture,buitre,vautour,Geier,गिद्ध
1026,great grey owl,gran búho gris,grand hibou gris,Bartkauz,महान ग्रे उल्लू
1027,European fire salamander,salamandra Europea,salamandre européenne d'incendie,Europäische Feuersalamander,यूरोपीय आग सैलामैंडर
1028,common newt,tritón común,triton commun,gemeinsamer Molch,आम न्यूट
1029,eft,EFT,TEF,inks,ईएफटी
1030,spotted salamander,salamandra común,salamandre maculée,Feuersalamander,धब्बेदार सैलामैंडर
1031,axolotl,ajolote,axolotl,Axolotl,Axolotl
1032,bullfrog,rana mugidora,grosse grenouille,Ochsenfrosch,bullfrog
1033,tree frog,rana de árbol,rainette,Laubfrosch,पेड़ के मेंढक
1034,tailed frog,ascaphus,ascaphus,tailed Frosch,पूंछ मेंढक
1035,loggerhead,necio,caouanne,Dummkopf,लंठ
1036,leatherback turtle,tortuga laúd,tortue luth,Lederschildkröte,चमड़े की पीठ वाला कछुआ
1037,mud turtle,tortuga de barro,tortue de boue,Schlamm Schildkröte,कीचड़ कछुआ
1038,terrapin,tortuga de agua dulce,tortue d'eau douce,dosen,टेरपनि
1039,box turtle,cuadro de tortuga,tortue boîte,Box Schildkröte,बॉक्स कछुआ
1040,banded gecko,gecko congregado,bagués gecko,banded gecko,धारियों छिपकली
1041,common iguana,iguana común,iguane commun,Leguane,आम गोधा
1042,American chameleon,camaleón de América,caméléon américain,amerikanisches Chamäleon,अमेरिकी गिरगिट
1043,whiptail,whiptail,whiptail,whiptail,whiptail
1044,agama,Agama,agame,agama,आगम
1045,frilled lizard,lagarto con volantes,lézard à collerette,Kragenechse,झालरदार छिपकली
1046,alligator lizard,cocodrilo lagarto,alligator lézard,Alligator Eidechse,मगरमच्छ छिपकली
1047,Gila monster,monstruo Gila,monstre de Gila,Gila-Monster,गिला राक्षस
1048,green lizard,Lagartija verde,lézard vert,grüne Eidechse,हरे रंग की छिपकली
1049,African chameleon,camaleón africano,caméléon africaine,African Chamäleon,अफ्रीकी गिरगिट
1050,Komodo dragon,Dragon de Komodo,Dragon de Komodo,Komodowaran,कोमोडो ड्रैगन
1051,African crocodile,cocodrilo africano,crocodile d'Afrique,Afrikanisches Krokodil,अफ्रीकी मगरमच्छ
1052,American alligator,cocodrilo americano,alligator américain,amerikanischer Alligator,अमेरिकी मगरमच्छ
1053,triceratops,triceratops,Triceratops,Triceratops,triceratops
1054,thunder snake,serpiente de trueno,serpent tonnerre,Donner Schlange,गड़गड़ाहट साँप
1055,ringneck snake,serpiente ringneck,couleuvre à collier,ringneck Schlange,ringneck साँप
1056,hognose snake,serpiente de hocico de cerdo,serpent groin,hognose Schlange,साँप
1057,green snake,serpiente verde,serpent vert,grüne Schlange,हरे सांप
1058,king snake,Rey Serpiente,Roi serpent,Königsschlange,राजा साँप
1059,garter snake,serpiente de liga,couleuvre,Strumpfbandnatter,गार्टर सांप
1060,water snake,serpiente de agua,serpent d'eau,Wasserschlange,जलसांप
1061,vine snake,serpiente de vid,serpent vigne,Rebe Schlange,बेल साँप
1062,night snake,serpiente de la noche,serpent de nuit,Nacht Schlange,रात साँप
1063,boa constrictor,Boa constrictor,Boa constrictor,Boa Constrictor,बोआ कंस्ट्रिकटर
1064,rock python,pitón,python rock,Rock python,रॉक अजगर
1065,Indian cobra,Naja naja,cobra indien,indische Kobra,भारतीय कोबरा
1066,green mamba,mamba verde,mamba vert,grün mamba,हरी mamba
1067,sea snake,serpiente de mar,serpent de mer,Seeschlange,समुद्री सांप
1068,horned viper,víbora cornuda,vipère cornue,Hornviper,सींग वाले सांप
1069,diamondback,Diamondback,Diamondback,Diamond,डायमंडबैक
1070,sidewinder,Sidewinder,Sidewinder,Sidewinder,पहलू की चोट
1071,trilobite,trilobites,trilobite,Trilobiten,पेलेयोजोईक
1072,harvestman,segador,moissonneur,harvestman,harvestman
1073,scorpion,escorpión,Scorpion,Skorpion,बिच्छू
1074,black and gold garden spider,negro y oro araña de jardín,araignée noire et jardin d'or,Schwarz und Gold Gartenspinne,काले और सोने उद्यान मकड़ी
1075,barn spider,araña de granero,araignée grange,Scheune Spinne,खलिहान मकड़ी
1076,garden spider,araña de jardín,araignée jardin,Gartenspinne,उद्यान मकड़ी
1077,black widow,viuda negra,veuve noire,Schwarze Witwe,काली माई
1078,tarantula,tarántula,tarentule,Tarantel,टारेंटयुला
1079,wolf spider,araña lobo,araignée loup,Wolfspinne,भेड़िया मकड़ी
1080,tick,garrapata,cocher,Tick,टिकटिक
1081,centipede,ciempiés,Mille-Pattes,Tausendfüßler,चालीसपद
1082,black grouse,urogallo negro,Grouse noire,Birkhuhn,काला तीतर
1083,ptarmigan,perdiz nival,lagopède,Schneehuhn,तीतर
1084,ruffed grouse,urogallo superado,gélinotte huppée,Kragenhuhn,बदमाश का शिकायत
1085,prairie chicken,pollo de la pradera,poulet prairie,Präriehuhn,प्रेयरी चिकन
1086,peacock,pavo real,paon,Pfau,मोर
1087,quail,codorniz,Caille,Wachtel,बटेर
1088,partridge,perdiz,perdrix,Rebhuhn,तीतर
1089,African grey,gris africano,gris d'Afrique,Afrikanisches Grau,अफ्रीकी ग्रे
1090,macaw,guacamayo,ara,Ara,एक प्रकार का तोता
1091,sulphur-crested cockatoo,cockatoo cresta azufre,soufre-crêté cacatoès,Gelbhaubenkakadu,सल्फर कलगी कौकेटू
1092,lorikeet,lorikeet,lori,lorikeet,दूरबीन
1093,coucal,cucal,coucal,coucal,Coucal
1094,bee eater,comedor de abejas,mangeur d'abeilles,Bienenesser,पतेना
1095,hornbill,hornbill,calao,Hornbill,हॉर्नबिल
1096,hummingbird,colibrí,colibri,Kolibri,चिड़ियों
1097,jacamar,jacamar,jacamar,jacamar,jacamar
1098,toucan,tucán,toucan,Tukan,टूकेन
1099,drake,pato,canard,Erpel,मक्खी
1100,red-breasted merganser,serreta-roja,Harle à poitrine rousse,Säger,लाल छाती MERGANSER
1101,goose,ganso,OIE,Gans,बत्तख
1102,black swan,cisne negro,cygne noir,schwarzer Schwan,काला हंस
1103,tusker,elefante,éléphant adulte,tusker,हाथी
1104,echidna,equidna,échidné,echidna,इकिडना
1105,platypus,ornitorrinco,ornithorynque,Schnabeltier,एक प्रकार का बत्तक-सदृश नाक से पशु
1106,wallaby,wallaby,wallaby,Wallaby,आस्ट्रेलियन
1107,koala,coala,koala,Koala,कोअला
1108,wombat,wombat,wombat,wombat,वोमब्रेट
1109,jellyfish,Medusa,méduse,Qualle,जेलिफ़िश
1110,sea anemone,anémona de mar,Anémone de mer,Seeanemone,समुद्री एनिमोन
1111,brain coral,coral cerebro,corail cerveau,Hirnkoralle,मस्तिष्क मूंगा
1112,flatworm,platelmintos,flatworm,flatworm,flatworm
1113,nematode,nematodo,nématodes,Nematoden,निमेटोड
1114,conch,concha,conque,Tritonshorn,शंख
1115,snail,Caracol,escargot,Schnecke,घोंघा
1116,slug,babosa,limace,Schnecke,काउंटर
1117,sea slug,babosa de mar,Limace de mer,Meeresschnecke,समुद्री स्लग
1118,chiton,chitona,chiton,chiton,कैटन
1119,chambered nautilus,nautilo,chambré nautilus,Kammerschalennautilus,संभाग नॉटिलस
1120,Dungeness crab,cangrejo Dungeness,crabe dormeur,Dungeness crab,दंजेनेस केकड़ा
1121,rock crab,cangrejo de roca,crabe,Rock Krabbe,रॉक केकड़ा
1122,fiddler crab,cangrejo violinista,crabes Fiddler,Winkerkrabbe,Fiddler केकड़ा
1123,king crab,cangrejo real,crabe royal,Königskrabbe,किंग क्रैब
1124,American lobster,langosta americana,homard,amerikanischer Hummer,अमेरिकी झींगा मछली
1125,spiny lobster,langosta espinosa,langouste,Languste,काँटेदार झींगा मछली
1126,crayfish,cangrejo de río,écrevisse,Flusskrebs,क्रेफ़िश
1127,hermit crab,cangrejo ermitaño,bernard l'ermite,Einsiedlerkrebs,एकांतवासी केकड़ा
1128,isopod,isopod,isopod,Assel,isopod
1129,white stork,cigüeña blanca,cigogne blanche,Weißer Storch,सफेद सारस
1130,black stork,cigüeña negro,cigogne noire,Schwarzstorch,काला सारस
1131,spoonbill,espátula,spatule,Löffler,एक प्रकार का पक्षी
1132,flamingo,flamenco,flamant,Flamingo,मराल
1133,little blue heron,Garza de pequeño azul,héron bleu,kleiner blauer Reiher,हल्का नीला हेरन
1134,American egret,garza Americana,aigrette américain,amerikanischer Reiher,अमेरिकी सफ़ेद बगुला
1135,bittern,avetoro,butor,Rohrdommel,बिटर्न
1136,crane,grua,grue,Kran,क्रेन
1137,limpkin,limpkin,limpkin,limpkin,limpkin
1138,European gallinule,gallareta Europea,sultane européenne,Europäische gallinule,यूरोपीय gallinule
1139,American coot,Fulica americana,Foulque d'Amérique,amerikanische Blässhuhn,अमेरिकी कूट
1140,bustard,avutarda,outarde,Trappe,उल्लू का पट्टा
1141,ruddy turnstone,vuelvepiedras,turnstone vermeille,Steinwälzer,लाल Turnstone
1142,red-backed sandpiper,correlimos dorsirrojo,bécasseau dos rouge,rot-backed Flussuferläufer,लाल समर्थित सैंडपाइपर
1143,redshank,archibebe,redshank,Rotschenkel,रेडषांक
1144,dowitcher,Dowitcher,Bécasseau,dowitcher,dowitcher
1145,oystercatcher,ostrero,huîtrier,Austernfischer,oystercatcher
1146,pelican,pelícano,pélican,Pelikan,हवासील
1147,king penguin,pingüino real,pingouin roi,König Pinguin,राजा पेंगुइन
1148,albatross,albatros,albatros,Albatros,भारी अड़चन
1149,grey whale,ballena gris,baleine grise,Grauwal,ग्रे व्हेल
1150,killer whale,Orca,orque,Killerwal,जानलेवा व्हले
1151,dugong,dugongo,dugong,dugong,Dugong
1152,sea lion,León marino,Lion de mer,Seelöwe,सील
1153,Chihuahua,Chihuahua,Chihuahua,Chihuahua,चिहुआहुआ
1154,Japanese spaniel,Spaniel japonés,épagneul japonais,japanischer spaniel,जापानी स्पैनियल
1155,Maltese dog,perro maltés,chien maltais,Malteser Hund,माल्टीज़ कुत्ते
1156,Pekinese,pekinés,pékinois,Pekinese,पेकिंग का
1157,Shih-Tzu,Shih-Tzu,Shih-Tzu,Shih-Tzu,शिह-जू
1158,Blenheim spaniel,Perro de aguas de Blenheim,Blenheim épagneul,Blenheim spaniel,ब्लेनहेम स्पैनियल
1159,papillon,Papillon,Papillon,papillon,पैपिलॉन
1160,toy terrier,terrier de juguete,terrier de jouet,toy terrier,खिलौना टेरियर
1161,Rhodesian ridgeback,rhodesian,Rhodesian Ridgeback,rhodesian,कुत्ते की एक नस्ल
1162,Afghan hound,galgo afgano,lévrier afghan,Afghane,अफगान शिकारी कुत्ता
1163,basset,afloramiento,basset,basset,Basset
1164,beagle,beagle,beagle,Beagle,गुप्तचर
1165,bloodhound,sabueso,limier,Bluthund,खोजी कुत्ता
1166,bluetick,bluetick,bluetick,Bluetick,bluetick
1167,black-and-tan coonhound,Coonhound negro y marrón,coonhound noir et tan,Schwarz-TANcoonhound,काले और भूरे कूनहाउंड
1168,Walker hound,perro Walker,chien Walker,Walker Hund,वाकर शिकारी कुत्ता
1169,English foxhound,foxhound Inglés,Foxhound,Englisch foxhound,अंग्रेजी एक प्रकार का विलायती
1170,redbone,redbone,redbone,redbone,redbone
1171,borzoi,borzoi,Barzoï,Barsoi,Borzoi
1172,Irish wolfhound,lobo irlandés,Irish Wolfhound,Irischer Wolfshund,आयरिश Wolfhound
1173,Italian greyhound,galgo italiano,lévrier italien,italienischer Windhund,इतालवी ग्रेहाउंड
1174,whippet,lebrel,whippet,whippet,साल की उम्र
1175,Ibizan hound,perro ibizan,chien ibizan,Ibizan Jagdhund,Ibizan शिकारी कुत्ता
1176,Norwegian elkhound,elkhound,elkhound norvégien,Norwegian elkhound,नार्वे Elkhound
1177,otterhound,Otterhound,Otterhound,Otter,ऊद का कुत्ता
1178,Saluki,Saluki,Sloughi,Saluki,Saluki
1179,Scottish deerhound,deerhound,Scottish Fold,deerhound,स्कॉटिश Deerhound
1180,Weimaraner,Weimaraner,Weimaraner,Weimaraner,Weimaraner
1181,Staffordshire bullterrier,Staffordshire Bull Terrier,Staffordshire Bullterrier,Staffordshire bull terrier,स्टैफोर्डशायर bullterrier
1182,American Staffordshire terrier,American Staffordshire Terrier,American staffordshire terrier,Amerikanischer Staffordshire Terrier,अमेरिकी स्टेफर्डशायर टेरियर
1183,Bedlington terrier,terrier de Bedlington,Bedlington terrier,Bedlington terrier,Bedlington टेरियर
1184,Border terrier,border terrier,Border Terrier,Border terrier,बॉर्डर टेरियर
1185,Kerry blue terrier,Kerry blue terrier,terrier bleu Kerry,Kerry Blue Terrier,केरी नीले टेरियर
1186,Irish terrier,Terrier irlandés,terrier irlandais,Irish terrier,आयरिश टेरियर
1187,Norfolk terrier,Terrier de Norfolk,Norfolk terrier,Norfolk terrier,Norfolk टेरियर
1188,Norwich terrier,terrier de Norwich,Norwich Terrier,Norwich terrier,नॉर्विच टेरियर
1189,Yorkshire terrier,Yorkshire terrier,Yorkshire Terrier,Yorkshire-Terrier,यॉर्कशायर टेरियर
1190,wire-haired fox terrier,fox terrier de pelo duro,fox à poil terrier,rauhaarige Foxterrier,तार बालों वाली लोमड़ी टेरियर
1191,Lakeland terrier,terrier de Lakeland,Lakeland terrier,Lakeland-terrier,लेकलैंड टेरियर
1192,Sealyham terrier,Sealyham,Sealyham terrier,Sealyham terrier,Sealyham टेरियर
1193,Airedale,Airedale,airedale,Airedale,Airedale
1194,cairn,mojón,cairn,Steinhügel,स्तूप
1195,Australian terrier,Terrier australiano,Australian terrier,Australian terrier,ऑस्ट्रेलियाई टेरियर
1196,Dandie Dinmont,Dandie Dinmont,Dandie Dinmont,Dandie Dinmont,Dandie Dinmont
1197,Boston bull,Boston Bull,taureau Boston,Boston Stier,बोस्टन बैल
1198,miniature schnauzer,Schnauzer miniatura,schnauzer miniature,schnauzer,लघु श्नौज़र
1199,giant schnauzer,Schnauzer gigante,schnauzer géant,Riesenschnauzer,विशाल श्नौज़र
1200,standard schnauzer,Schnauzer estándar,Schnauzer,schnauzer,मानक श्नौज़र
1201,Scotch terrier,terrier escocés,Scotch terrier,Scotch-terrier,स्कॉच टेरियर
1202,Tibetan terrier,terrier tibetano,terrier tibétain,Tibetan terrier,तिब्बती टेरियर
1203,silky terrier,Terrier sedoso,silky Terrier,silky terrier,रेशमी टेरियर
1204,soft-coated wheaten terrier,suave revestido de Terrier de trigo,doux enduit terrier wheaten,Soft-beschichtete Weizen Terrier,नरम लेपित Wheaten टेरियर
1205,West Highland white terrier,West Highland terrier blanco,West Highland terrier blanc,West Highland White Terrier,पश्चिम हाइलैंड सफेद टेरियर
1206,Lhasa,Lhasa,Lhasa,Lhasa,ल्हासा
1207,flat-coated retriever,Labrador Retriever,Flat-Coated retriever,Golden Retriever,फ्लैट लेपित कुत्ता
1208,curly-coated retriever,retriever rizado-revestido,bouclé enduit retriever,Curly-Coated Retriever,घुंघराले-लेपित रिट्रीवर
1209,golden retriever,golden retriever,Golden retriever,Golden Retriever,गोल्डन रिट्रीवर
1210,Labrador retriever,Labrador retriever,labrador,Labrador Retriever,लेब्राडोर कुत्ते
1211,Chesapeake Bay retriever,Chesapeake Bay Retriever,Chesapeake Bay chien d'arrêt,Chesapeake Bay Retriever,चेसापीक खाड़ी रिट्रीवर
1212,German short-haired pointer,puntero de pelo corto alemán,pointeur aux cheveux courts allemand,Deutsch Kurzhaar Zeiger,जर्मन छोटे बालों वाली सूचक
1213,vizsla,vizsla,Vizsla,vizsla,Vizsla
1214,English setter,setter Inglés,setter anglais,Englisch Setter,अंग्रेजी सेटर
1215,Irish setter,setter irlandés,setter irlandais,Irish Setter,आयरिश सेटर
1216,Gordon setter,setter gordon,setter,Gordon Setter,गॉर्डन सेटर
1217,Brittany spaniel,aguas de bretaña,épagneul,Brittany spaniel,ब्रिटनी स्पैनियल
1218,clumber,clumber,clumber,clumber,Clumber
1219,English springer,Springer Inglés,Anglais springer,Englisch springer,अंग्रेजी स्प्रिंगर
1220,Welsh springer spaniel,Springer spaniel,Welsh springer spaniel,Welsh Springer Spaniel,वेल्श स्प्रिंगर स्पैनियल
1221,cocker spaniel,Cocker,Cocker,Cocker Spaniel,कॉकर स्पेनियल
1222,Sussex spaniel,Perro de aguas de Sussex,Sussex Spaniel,sussexspaniel,ससेक्स स्पैनियल
1223,Irish water spaniel,aguas de agua irlandesa,barbet irlandaise,Irish Water Spaniel,आयरिश पानी स्पैनियल
1224,kuvasz,kuvasz,kuvasz,Kuvasz,Kuvasz
1225,schipperke,schipperke,schipperke,schipperke,schipperke
1226,groenendael,groenendael,Groenendael,groenendael,groenendael
1227,malinois,malinois,malinois,malinois,Malinois
1228,briard,briard,Briard,Briard,Briard
1229,kelpie,kelpie,Kelpie,kelpie,अश्वकार
1230,komondor,Komondor,komondor,komondor,Komondor
1231,Old English sheepdog,Antiguo perro pastor Inglés,Old English Sheepdog,Old English Sheepdog,पुरानी अंग्रेज़ी शीपडॉग
1232,Shetland sheepdog,perro pastor de Shetland,Shetland Sheepdog,Shetland Schäferhund,शेटलैंड शीपडॉग
1233,collie,collie,colley,Collie,कोल्ली
1234,Border collie,Border collie,Border collie,Border Collie,सीमा की कोल्ली
1235,Bouvier des Flandres,Bouvier de Flandes,Bouvier des Flandres,Bouvier des Flandres,बौवियर des Flandres
1236,Rottweiler,rottweiler,Rottweiler,Rottweiler,rottweiler
1237,German shepherd,Pastor alemán,Berger allemand,Deutsch Schäfer,जर्मन शेपर्ड
1238,Doberman,Caballero,Doberman,Doberman,Doberman
1239,miniature pinscher,pinscher miniatura,miniature pinscher,Zwergpinscher,लघु Pinscher
1240,Greater Swiss Mountain dog,mayor perro suizo de la montaña,chien Grand Swiss Mountain,Großer Schweizer Sennenhund,ग्रेटर स्विस माउंटेन कुत्ता
1241,Bernese mountain dog,Perro de montaña de Bernese,chien de montagne bernois,Berner Sennenhund,बर्नसे पहाड़ी कुत्ता
1242,Appenzeller,Appenzeller,Appenzeller,Appenzeller,Appenzeller
1243,EntleBucher,entlebucher,Entlebuch,Entlebucher,EntleBucher
1244,boxer,Boxer,boxeur,Boxer,बॉक्सर
1245,bull mastiff,mastín,mastiff de taureau,Bullmastiff,बैल मास्टिफ
1246,Tibetan mastiff,mastín tibetano,dogue du Tibet,Tibet-Dogge,तिब्बत का बड़े आकार वाला कुत्ता
1247,French bulldog,Bulldog francés,Bulldog français,Französische Bulldogge,फ़्रेंच बुलडॉग
1248,Great Dane,Gran Danés,Grand danois,Deutsche Dogge,बहुत अछा किया
1249,Saint Bernard,San Bernardo,Saint-Bernard,St. Bernhard,सेंट बर्नार्ड
1250,Eskimo dog,perro esquimal,chien esquimau,Eskimo Hund,एस्किमो का कुत्ता
1251,malamute,malamute,malamute,mala,malamute
1252,Siberian husky,Husky siberiano,Husky sibérien,Sibirischer Husky,साइबेरियाई कर्कश
1253,dalmatian,dálmata,dalmatien,Dalmatiner,डैलमेशियन
1254,affenpinscher,affenpinscher,affenpinscher,Pinscher,Affenpinscher
1255,basenji,basenji,basenji,basenji,Basenji
1256,pug,doguillo,carlin,Mops,बंदर
1257,Leonberg,leonberg,Leonberg,Leonberg,Leonberg
1258,Newfoundland,Terranova,Terre-Neuve,Neufundland,न्यूफ़ाउन्डलंड
1259,Great Pyrenees,Los grandes Pirineos,Mâtin des Pyrénées,Große Pyrenäen,महान Pyrenees
1260,Samoyed,samoyedo,samoyède,Samojeden,Samoyed
1261,Pomeranian,pomeranio,poméranien,Spitz,Pomeranian
1262,chow,perro chino,bouffe,Futter,चौ
1263,keeshond,keeshond,keeshond,keeshond,Keeshond
1264,Brabancon griffon,leonado brabancon,Brabancon griffon,Brabancon griffon,Brabancon Griffon
1265,Pembroke,Pembroke,Pembroke,Pembroke,पेमब्रोक
1266,Cardigan,Cárdigan,Cardigan,Strickjacke,कार्डिगन
1267,toy poodle,poodle de juguete,caniche toy,Zwergpudel,खिलौने वाला पिल्ला
1268,miniature poodle,caniche miniatura,caniche miniature,Zwergpudel,लघु poodle
1269,standard poodle,caniche,caniche standard,Standard Pudel,मानक poodle
1270,Mexican hairless,sin pelo mexicano,sans poils du Mexique,mexikanischer Nackt,मैक्सिकन गंजा
1271,timber wolf,Lobo de madera,loup de,Holz Wolf,लकड़ी भेड़िया
1272,white wolf,Lobo blanco,Loup blanc,weißer Wolf,सफेद भेड़िया
1273,red wolf,Lobo rojo,Loup rouge,roter Wolf,लाल भेड़िया
1274,coyote,coyote,coyote,Kojote,कोयोट
1275,dingo,dingo,dingo,Dingo,कुत्ते का एक प्राकर
1276,dhole,dhole,dhole,dhole,ढोले
1277,African hunting dog,perro de caza africano,lycaon,Afrikanischer Jagdhund,अफ्रीकी शिकारी कुत्ते
1278,hyena,hiena,hyène,Hyäne,लकड़बग्धा
1279,red fox,zorro rojo,Renard rouge,roter Fuchs,रेड फॉक्स
1280,kit fox,zorro kit,fox kit,Kitfuchs,किट लोमड़ी
1281,Arctic fox,zorro ártico,le renard arctique,Polarfuchs,आर्कटिक लोमड़ी
1282,grey fox,zorro gris,renard gris,grauer Fuchs,ग्रे लोमड़ी
1283,tabby,atigrado,tigré,tabby,बद गप्पी
1284,tiger cat,gato tigre,chat tigre,Tiger Katze,बाघ बिल्ली
1285,Persian cat,gato persa,chat persan,Persische Katze,फारसी बिल्ली
1286,Siamese cat,gato siames,chat siamois,Siamesische Katze,सियामेस कैट
1287,Egyptian cat,gato egipcio,chat égyptien,ägyptische Katze,मिस्र के बिल्ली
1288,cougar,Puma,puma,Puma,कौगर
1289,lynx,lince,Lynx,Luchs,बनबिलाव
1290,leopard,leopardo,léopard,Leopard,तेंदुए
1291,snow leopard,leopardo de nieve,léopard des neiges,Schneeleopard,हिम तेंदुआ
1292,jaguar,jaguar,jaguar,Jaguar,एक प्रकार का जानवर
1293,lion,león,Lion,Löwe,सिंह
1294,tiger,Tigre,tigre,Tiger,बाघ
1295,cheetah,leopardo,guépard,Gepard,चीता
1296,brown bear,oso café,ours brun,Braunbär,भूरा भालू
1297,American black bear,oso negro americano,ours noir,Amerikanischer Schwarzbär,अमेरिकी काले भालू
1298,ice bear,oso de hielo,ours polaire,Eisbär,बर्फीला भालू
1299,sloth bear,oso perezoso,ours paresseux,Lippenbär,आलसी भालू
1300,mongoose,mangosta,mangouste,Mungo,नेवला
1301,meerkat,Meerkat,Meerkat,Erdmännchen,Meerkat
1302,tiger beetle,escarabajo tigre,cicindelinae,Tigerkäfer,बाघ बीटल
1303,ladybug,mariquita,coccinelle,Marienkäfer,एक प्रकार का गुबरैला
1304,ground beetle,escarabajo de tierra,carabes,Laufkäferart,जमीन बीटल
1305,long-horned beetle,escarabajo de cuernos largos,longicorne,lang-gehörnter Käfer,लंबे समय से सींग वाले बीटल
1306,leaf beetle,escarabajo de la hoja,chrysomelidae,Blattkäfer,पत्ता बीटल
1307,dung beetle,escarabajo,bousier,Mistkäfer,डंग बीटल
1308,rhinoceros beetle,Escarabajo rinoceronte,scarabée rhinocéros,Nashornkäfer,गैंडे जैसा दिखने वाला गुबरैला
1309,weevil,gorgojo,charançon,Rüsselkäfer,घुन
1310,fly,volar,mouche,Fliege,उड़ना
1311,bee,abeja,abeille,Biene,मधुमक्खी
1312,ant,hormiga,fourmi,Ameise,चींटी
1313,grasshopper,saltamontes,sauterelle,Heuschrecke,टिड्डी
1314,cricket,Grillo,criquet,Kricket,क्रिकेट
1315,walking stick,bastón,bâton de marche,Gehstock,छड़ी
1316,cockroach,cucaracha,cafard,Kakerlake,तिलचट्टा
1317,mantis,mantis,mante,Gottesanbeterin,एक प्रकार का कीड़ा
1318,cicada,cigarra,cigale,Zikade,सिकाडा
1319,leafhopper,saltahojas,cicadelle,leafhopper,leafhopper
1320,lacewing,lacewing,chrysope,Florfliege,lacewing
1321,dragonfly,libélula,libellule,Libelle,ड्रैगनफ्लाई
1322,damselfly,caballito del diablo,damselfly,damselfly,damselfly
1323,admiral,almirante,amiral,Admiral,एडमिरल
1324,ringlet,rizo,anglaise,Ringel,बालों की लट
1325,monarch,monarca,monarque,Monarch,सम्राट
1326,cabbage butterfly,mariposa de la col,papillon chou,Kohl Schmetterling,गोभी की तितली
1327,sulphur butterfly,mariposa de azufre,papillon de soufre,Schwefel Schmetterling,सल्फर तितली
1328,lycaenid,lycaenid,lycaenid,lycaenid,lycaenid
1329,starfish,estrella de mar,étoile de mer,Seestern,एक प्रकार की मछली जिस को पाँच - सात बाहु के सदृश अंग होते है
1330,sea urchin,erizo de mar,oursin,Seeigel,समुद्री अर्चिन
1331,sea cucumber,pepino de mar,concombre de mer,Seegurke,समुद्र खीर
1332,wood rabbit,conejo de madera,lapin bois,Holz rabbit,लकड़ी खरगोश
1333,hare,liebre,lièvre,Hase,खरगोश
1334,Angora,Angora,Angora,Angora,अंगोरा
1335,hamster,hámster,hamster,Hamster,हम्सटर
1336,porcupine,puerco espín,porc-épic,Stachelschwein,साही
1337,fox squirrel,zorro ardilla,écureuil renard,"Fuchs, Eichhörnchen",लोमड़ी गिलहरी
1338,marmot,marmota,marmotte,Murmeltier,मर्मोट
1339,beaver,castor,castor,Biber,ऊदबिलाव
1340,guinea pig,conejillo de indias,Cochon d'Inde,Meerschweinchen,गिनी पिग
1341,sorrel,Alazán,oseille,Sauerampfer,सोरेल
1342,zebra,cebra,zèbre,Zebra,ज़ेबरा
1343,hog,cerdo,porc,Schwein,सूअर
1344,wild boar,Jabalí,sanglier,Wildschwein,जंगली सूअर
1345,warthog,jabalí,phacochère,Warzenschwein,warthog
1346,hippopotamus,hipopótamo,hippopotame,Nilpferd,जलहस्ती
1347,ox,buey,bœuf,Ochse,बैल
1348,water buffalo,búfalo de agua,buffles d'eau,Wasserbüffel,जल भैंस
1349,bison,bisonte,bison,Bison,बिजोन
1350,ram,RAM,RAM,RAM,राम
1351,bighorn,cuerno grande,Grosse corne,großes Horn,बड़ा हॉर्न
1352,ibex,cabra montés,ibex,Steinbock,औबेक्स
1353,hartebeest,hartebeest,bubales,Kuhantilopen,hartebeest
1354,impala,impala,impala,Impala,इम्पाला
1355,gazelle,gacela,gazelle,Gazelle,छोटा सुन्दर बारहसिंघ
1356,Arabian camel,camello árabe,chameau arabe,Arabian Kamel,अरब ऊंट
1357,llama,llama,lama,Lama,लामा
1358,weasel,comadreja,belette,Wiesel,चालक आदमी
1359,mink,visón,vison,Nerz,मिंक
1360,polecat,turón,putois,Iltis,एक प्रकार की बिल्ली
1361,black-footed ferret,hurón de patas negro,putois,schwarz-footed Frettchen,काले टांगों भाल
1362,otter,nutria,loutre,Otter,ऊद
1363,skunk,zorrillo,moufette,Skunk,बदमाश
1364,badger,tejón,blaireau,Dachs,बिज्जू
1365,armadillo,armadillo,tatou,Gürteltier,वर्मी
1366,three-toed sloth,perezoso de tres dedos,tridactyle fainéantise,Dreifinger-Faultier,तीन अंगूठों वाला स्लॉथ
1367,orangutan,orangután,orangs-outans,Orang-Utan,आरंगुटान
1368,gorilla,gorila,gorille,Gorilla,गोरिल्ला
1369,chimpanzee,chimpancé,chimpanzé,Schimpanse,चिंपांज़ी
1370,gibbon,gibón,gibbon,Gibbon,लंगूर
1371,siamang,siamang,siamang,siamang,siamang
1372,guenon,guenon,guenon,guenon,guenon
1373,patas,Patas,patas,patas,patas
1374,baboon,babuino,babouin,Pavian,लंगूर
1375,macaque,macaco,macaque,Makaken,अफ्रीका का लंगूर
1376,langur,langur,langur,Languren,लंगूर
1377,colobus,colobos,colobe,Colobus,कोलोबस
1378,proboscis monkey,mono narigudo,Singe proboscis,Nasenaffe,सूंड़ वाला बंदर
1379,marmoset,tití,ouistiti,Pinseläffchen,एक प्रकार का बंदर
1380,capuchin,capucho,capucin,Kapuziner,कैप्युषीन
1381,howler monkey,mono aullador,singe hurleur,Brüllaffe,हाउलर मंकी
1382,titi,titi,titi,titi,कॉक
1383,spider monkey,mono araña,singe araignée,Spinnenaffe,मकड़ीनुमा बन्दर
1384,squirrel monkey,mono ardilla,écureuil singe,Totenkopfäffchen,गिलहरी बंदर
1385,Madagascar cat,gato Madagascar,cat Madagascar,Madagaskar Katze,मेडागास्कर बिल्ली
1386,indri,indri,Indri,indri,इन्द्री
1387,Indian elephant,elefante indio,éléphant indien,Indischer Elefant,भारतीय हाथी
1388,African elephant,elefante africano,éléphant d'Afrique,Afrikanischer Elefant,अफ्रीकी हाथी
1389,lesser panda,panda menor,petit panda,kleiner Panda,कम पांडा
1390,giant panda,Panda gigante,Panda géant,Riesenpanda,विशालकाय पांडा
1391,barracouta,barracouta,barracouta,Barracouta,barracouta
1392,eel,Anguila,anguille,Aal,बाम मछली
1393,coho,coho,coho,coho,coho
1394,rock beauty,la belleza de roca,beauté rock,Rock Schönheit,रॉक सौंदर्य
1395,anemone fish,peces de anémona,poissons anémone,Anemonenfisch,रत्नज्योति मछली
1396,sturgeon,esturión,esturgeon,Stör,स्टर्जन
1397,gar,gar,GAR,gar,gar
1398,lionfish,pez león,lionfish,Rotfeuerfische,lionfish
1399,puffer,fumador,poisson-globe,puffer,पफर
1400,abacus,ábaco,abaque,Abakus,अबेकस
1401,abaya,abaya,abaya,abaya,ऍबया
1402,academic gown,vestido académico,toge,akademisches Kleid,शैक्षणिक गाउन
1403,accordion,acordeón,accordéon,Akkordeon,अकॉर्डियन
1404,acoustic guitar,guitarra acustica,guitare acoustique,akustische Gitarre,ध्वनिक गिटार
1405,aircraft carrier,portaaviones,porte-avions,Flugzeugträger,विमान वाहक
1406,airliner,avión de línea,avion de ligne,Verkehrsflugzeug,विमान
1407,airship,dirigible,ballon dirigeable,Luftschiff,हवाई पोत
1408,altar,altar,autel,Altar,वेदी
1409,ambulance,ambulancia,ambulance,Krankenwagen,रोगी वाहन
1410,amphibian,anfibio,amphibie,Amphibie,उभयचर
1411,analog clock,reloj analogo,horloge analogique,Analoge Uhr,अनुरूप घड़ी
1412,apiary,colmenar,rucher,Bienenhaus,मधमक्खियों के पालने का स्थान
1413,apron,delantal,tablier,Schürze,तहबंद
1414,ashcan,cubo de la basura,ashcan,Mülltonne,ashcan
1415,assault rifle,fusil de asalto,fusil d'assaut,Sturmgewehr,राइफल से हमला
1416,backpack,mochila,sac à dos,Rucksack,बैग
1417,bakery,panadería,boulangerie,Bäckerei,बेकरी
1418,balance beam,barra de equilibrio,poutre d'équilibre,Schwebebalken,बैलेंस बीम
1419,balloon,globo,ballon,Ballon,गुब्बारा
1420,ballpoint,bolígrafo,à bille,Kugelschreiber,बॉल प्वाइंट
1421,Band Aid,Apósito adhesivo,Pansement,Pflaster,बैंड एड
1422,banjo,banjo,banjo,Banjo,बैंजो
1423,bannister,Bannister,rampe,bannister,बैनिस्टर
1424,barbell,barra con pesas,haltère,Hantel,लोहे का दंड
1425,barber chair,silla de barbero,chaise de coiffeur,Frisörstuhl,नाई की कुर्सी
1426,barbershop,barbería,salon de coiffure,Friseur,नाई की दूकान
1427,barn,granero,Grange,Scheune,खलिहान है
1428,barometer,barómetro,baromètre,Barometer,बैरोमीटर
1429,barrel,barril,baril,Fass,बैरल
1430,barrow,carretilla,brouette,Karren,ठेला
1431,baseball,béisbol,base-ball,Baseball,बेसबॉल
1432,basketball,baloncesto,basketball,Basketball,बास्केटबाल
1433,bassinet,moisés,berceau,Korbwiege,बच्चों की गाड़ी
1434,bassoon,fagot,basson,Fagott,अलगोजा
1435,bathing cap,gorro de baño,Bonnet de bain,Bademütze,नहाने की टोपी
1436,bath towel,toalla de baño,serviette de bain,Badetuch,नहाने का तौलिया
1437,bathtub,bañera,baignoire,Badewanne,बाथटब
1438,beach wagon,carro de playa,plage wagon,Strand Wagen,समुद्र तट वैगन
1439,beacon,Faro,balise,Leuchtfeuer,प्रकाश
1440,beaker,cubilete,gobelet,Becherglas,बीकर
1441,bearskin,piel de oso,bonnet à poil,Bärenfellmütze,भालू का चमड़ा
1442,beer bottle,botella de cerveza,bouteille de bière,Bierflasche,बीयर की बोतल
1443,beer glass,vaso de cerveza,verre de bière,Bierglas,बियर गिलास
1444,bell cote,campana cote,cloche cote,Glocke Cote,घंटी कोटे
1445,bib,babero,bavoir,Lätzchen,अकसर पीना
1446,bicycle-built-for-two,bicicleta construyó-para-dos,bicyclette construite à des fins de deux,Fahrrad-integrierte for-two,साइकिल से बनाया के लिए दो
1447,bikini,bikini,bikini,Bikini,बिकिनी
1448,binder,aglutinante,liant,Bindemittel,जिल्दसाज़
1449,binoculars,prismáticos,jumelles,Fernglas,दूरबीन
1450,birdhouse,pajarera,nichoir,Voliere,चिड़िया घर
1451,boathouse,cobertizo,hangar à bateaux,Bootshaus,boathouse
1452,bobsled,bobsleigh,bobsleigh,Bob-,बोबस्लेय
1453,bolo tie,corbata de bolo,bolo,Bolotie,bolo टाई
1454,bonnet,capó,bonnet,Motorhaube,ढक्कन
1455,bookcase,estantería,bibliothèque,Bücherregal,किताबों की अलमारी
1456,bookshop,librería,librairie,Buchgeschäft,किताबों का दुकान
1457,bottlecap,bottlecap,bouchon de la bouteille,Flaschenverschluss,बोतल का ढक्कन
1458,bow,inclinarse,arc,Bogen,माथा टेकना
1459,bow tie,corbata de moño,nœud papillon,Krawatte,बो टाई
1460,brass,latón,laiton,Messing-,पीतल
1461,brassiere,sostén,soutien-gorge,Büstenhalter,चोली
1462,breakwater,rompeolas,digue,Wellenbrecher,बांध
1463,breastplate,coraza,pectoral,Brustplatte,छाती
1464,broom,Escoba,balais,Besen,झाड़ू
1465,bucket,Cubeta,baquet,Eimer,बाल्टी
1466,buckle,hebilla,Boucle,Schnalle,बकसुआ
1467,bulletproof vest,chaleco antibalas,gilet pare-balles,kugelsichere Weste,बुलेटप्रूफ जैकेट
1468,bullet train,tren bala,train à grande vitesse,Schnellzug,बुलेट ट्रेन
1469,butcher shop,carnicería,boucherie,Metzgerei,कसाई की दुकान
1470,cab,taxi,taxi,Taxi,टैक्सी
1471,caldron,hechicera,chaudron,Kessel,देग़
1472,candle,vela,bougie,Kerze,मोमबत्ती
1473,cannon,cañón,canon,Kanone,तोप
1474,canoe,canoa,canoë,Kanu,डोंगी
1475,can opener,abrelatas,ouvre-boîte,Dosenöffner,कैन खोलने वाला
1476,cardigan,cárdigan,cardigan,Strickjacke,कार्डिगन
1477,car mirror,espejo de coche,miroir de voiture,Autospiegel,कार दर्पण
1478,carousel,carrusel,carrousel,Karussell,हिंडोला
1479,carpenter's kit,kit de carpintero,Le kit de charpentier,Tischler Kit,बढ़ई का किट
1480,carton,caja de cartón,carton,Karton,दफ़्ती
1481,car wheel,Llanta de carro,roue de voiture,Autoreifen,कार का चक्का
1482,cash machine,cajero automático,distributeur de billets,Geldmaschine,नकदी मशीन
1483,cassette,casete,cassette,Kassette,कैसेट
1484,cassette player,reproductor de casetes,lecteur de cassettes,Kassettenspieler,कैसेट प्लेयर
1485,castle,castillo,Château,Schloss,कैसल
1486,catamaran,catamarán,catamaran,Katamaran,कटमरैन
1487,CD player,reproductor de CD,lecteur CD,CD-Player,सीडी प्लेयर
1488,cello,violonchelo,violoncelle,Cello,वायलनचेलो
1489,cellular telephone,telefono celular,téléphone portable,Mobiltelefon,सेलुलर टेलीफोन
1490,chain,cadena,chaîne,Kette,जंजीर
1491,chainlink fence,cerca de alambre,grillage,Maschendrahtzaun,ज़ंजीर से बंधी बाड़
1492,chain mail,cota de malla,mail chaîne,Kettenhemd,श्रृंखला मेल
1493,chain saw,sierra de cadena,tronçonneuse,Motorsäge,श्रृंखला देखा
1494,chest,pecho,coffre,Truhe,छाती
1495,chiffonier,chiffonnier,chiffonnier,chiffonier,षिटनीयर
1496,chime,repicar,carillon,Glockenspiel,झंकार
1497,china cabinet,gabinete de China,vaisselier,Geschirrschrank,चीनी अलमारी
1498,Christmas stocking,calcetín navideño,bas de Noël,Weihnachtsstrumpf,क्रिसमस मोजा
1499,church,Iglesia,église,Kirche,चर्च
1500,cinema,cine,cinéma,Kino,सिनेमा
1501,cleaver,cuchilla de carnicero,couperet,Beil,क्लीवर
1502,cliff dwelling,vivienda de acantilado,habitation falaise,Klippenwohnung,चट्टान आवास
1503,cloak,capa,manteau,Mantel,लबादा
1504,clog,obstruir,sabot,verstopfen,रोकना
1505,cocktail shaker,batidor de coctéles,shaker,Cocktail-Shaker,कॉकटेल शेकर
1506,coffee mug,taza de café,tasse de café,Kaffeebecher,कहवा प्याला
1507,coffeepot,cafetera,coffeepot,Kaffeetasse,कॉफी का बर्तन
1508,coil,bobina,bobine,Spule,तार
1509,combination lock,cerradura de combinación,Serrure à combinaison,Kombinationsschloss,संयोजन ताला
1510,computer keyboard,teclado,clavier d'ordinateur,Computer Tastatur,कंप्यूटर कीबोर्ड
1511,confectionery,confitería,confiserie,Süßwaren,हलवाई की दुकान
1512,container ship,barco mercante,porte-conteneurs,Containerschiff,कंटेनर जहाज
1513,convertible,convertible,convertible,umwandelbar,परिवर्तनीय
1514,corkscrew,sacacorchos,un tire-bouchon,Korkenzieher,पेंचकश
1515,cornet,cucurucho,cornet,Kornett,कॉर्नेट
1516,cowboy boot,bota de vaquero,santiag,Cowboy-Stiefel,चरवाहे बूट
1517,cowboy hat,sombrero de vaquero,chapeau de cowboy,Cowboy-Hut,ग्वाले की टोपी
1518,cradle,cuna,berceau,Wiege,पालना
1519,crane,grua,grue,Kran,क्रेन
1520,crash helmet,casco protector,casque de protection,Sturzhelm,हेलमेट टुटी
1521,crate,caja,Caisse,Kiste,टोकरा
1522,crib,cuna,lit de bébé,Krippe,पालना
1523,Crock Pot,Olla de barro,Crock Pot,Schmortopf,धीमा कुकर
1524,croquet ball,bola de croquet,balle croquet,Krocket Ball,क्रॉकेट गेंद
1525,crutch,muleta,béquille,Krücke,बैसाखी
1526,cuirass,coraza,cuirasse,Kürass,कवच
1527,dam,presa,endiguer,Damm,बांध
1528,desk,escritorio,bureau,Schreibtisch,डेस्क
1529,desktop computer,computadora de escritorio,ordinateur de bureau,Desktop-Computer,मेज पर रहने वाला कंप्यूटर
1530,dial telephone,teléfono de marcación,ligne de téléphone,Wahltelefon,डायल टेलीफोन
1531,diaper,pañal,couche,Windel,डायपर
1532,digital clock,reloj digital,horloge digitale,Digitaluhr,डिजिटल घड़ी
1533,digital watch,reloj digital,montre numérique,Digitaluhr,डिजिटल घड़ी
1534,dining table,comedor,table à manger,Esstisch,खाने की मेज
1535,dishrag,trapo para fregar platos,dishrag,dishrag,थाली पीछने का कपड़ा
1536,dishwasher,lavaplatos,lave-vaisselle,Geschirrspülmaschine,बर्तन साफ़ करने वाला
1537,disk brake,frenos de disco,Frein à disque,Scheibenbremse,डिस्क ब्रेक
1538,dock,muelle,Dock,Dock,गोदी
1539,dogsled,trineo de perros,traîneau à chiens,Hundeschlitten,कुत्ते की बेपहियों की गाड़ी
1540,dome,Hazme,dôme,Kuppel,गुंबद
1541,doormat,felpudo,carpette,Fußabtreter,doormat
1542,drilling platform,plataforma de perforación,plate-forme de forage,Bohrplattform,ड्रिलिंग प्लेटफॉर्म
1543,drum,tambor,tambouriner,Trommel,ड्रम
1544,drumstick,palillo de tambor,pilon,Trommelschlägel,ढोल का छड़ी
1545,dumbbell,pesa,haltère,Hantel,डम्बल
1546,Dutch oven,horno holandés,Four néerlandais,Schmortopf,हालैंड का चूल्हा
1547,electric fan,ventilador eléctrico,ventilateur électrique,Elektrolüfter,बिजली का पंखा
1548,electric guitar,guitarra electrica,guitare électrique,elektrische Gitarre,विद्युत गिटार
1549,electric locomotive,locomotora eléctrica,locomotive électrique,Elektrolokomotive,बिजली का रेल का इंजन
1550,entertainment center,Centro de entretenimiento,centre de divertissement,Unterhaltungszentrum,मनोरंजन केंद्र
1551,envelope,sobre,enveloppe,Briefumschlag,लिफ़ाफ़ा
1552,espresso maker,cafetera exprés,espresso,Espressomaschine,एस्प्रेसो निर्माता
1553,face powder,polvos,poudre pour le visage,Gesichtspuder,फेस पाउडर
1554,feather boa,Boa de plumas,boa de plumes,Federboa,पंख बोआ
1555,file,expediente,déposer,Datei,फ़ाइल
1556,fireboat,fireboat,fireboat,fireboat,फायरबोट
1557,fire engine,camion de bomberos,camion de pompier,Feuerwehrwagen,दमकल
1558,fire screen,pantalla de fuego,écran pare-feu,Feuer Bildschirm,आग स्क्रीन
1559,flagpole,asta de bandera,mât pour drapeau,Fahnenstange,flagpole
1560,flute,flauta,flûte,Flöte,बांसुरी
1561,folding chair,silla plegable,chaise pliante,Klappstuhl,खुलने और बंधनेवाली कुर्सी
1562,football helmet,casco de fútbol,casque de football américain,Football helm,फुटबॉल हेलमेट
1563,forklift,máquina elevadora,chariot élévateur,Gabelstapler,फोर्कलिफ्ट
1564,fountain,fuente,Fontaine,Brunnen,झरना
1565,fountain pen,Pluma fuente,stylo à encre,Füller,कलम
1566,four-poster,dosel,quatre affiches,Himmel,चार पोस्टर
1567,freight car,vagón de carga,wagon à marchandises,Güterwagen,भाड़े की गाड़ी
1568,French horn,cuerno francés,cor français,Waldhorn,फ्रेंच भोंपू
1569,frying pan,sartén,poêle à frire,Bratpfanne,तलने की कड़ाही
1570,fur coat,abrigo de piel,manteau de fourrure,Pelz,फर कोट
1571,garbage truck,camión de la basura,camion à ordures,Müllwagen,कचरे का ट्रक
1572,gasmask,máscara de gas,masque à gaz,Gasmaske,गैस मास्क
1573,gas pump,bomba de gas,pompe à essence,Zapfsäule,गैस पंप
1574,goblet,copa,gobelet,Kelch,कटोरा
1575,go-kart,kart,go-kart,Go-Kart,गो-कार्ट
1576,golf ball,pelota de golf,balle de golf,Golfball,गोल्फ की गेंद
1577,golfcart,carro de golf,voiturette de golf,Golfwagen,गोल्फ कार्ट
1578,gondola,góndola,gondole,Gondel,ट्रक
1579,gong,gong,gong,Gong,घंटा
1580,gown,vestido,robe,Kleid,गाउन
1581,grand piano,piano de cola,grand piano,Konzertflügel,बहुत बड़ा प्याने
1582,greenhouse,invernadero,serre,Gewächshaus,ग्रीन हाउस
1583,grille,reja,grille,Gitter,जंगला
1584,grocery store,tienda de comestibles,épicerie,Lebensmittelmarkt,किराने की दुकान
1585,guillotine,guillotina,guillotine,Guillotine,गिलोटिन
1586,hair slide,diapositiva de pelo,barrette,Haarspange,आलपीन
1587,hair spray,spray para el pelo,Laque pour les cheveux,Haarspray,हेअर स्प्रे
1588,half track,media pista,À mi-parcours,Halbe Strecke,आधा ट्रैक
1589,hammer,martillo,marteau,Hammer,हथौड़ा
1590,hamper,cesto,entraver,Korb,बाधा
1591,hand blower,soplador de mano,souffleur à main,Handgebläse,हाथ धौंकनी
1592,hand-held computer,computadora de mano,main tenue ordinateur,Handheld-Computer,हाथ में पकड़ा जा सके ऐसा कंप्यूटर
1593,handkerchief,pañuelo,mouchoir,Taschentuch,रूमाल
1594,hard disc,disco rígido,le disque dur,Festplatte,हार्ड डिस्क
1595,harmonica,harmónica,harmonica,Mundharmonika,अकार्डियन
1596,harp,arpa,harpe,Harfe,वीणा
1597,harvester,segador,moissonneur,Mähdrescher,फ़सल काटने की मशीन
1598,hatchet,hacha,hachette,Beil,कुल्हाड़ी
1599,holster,funda,étui de revolver,Halfter,पिस्तौलदान
1600,home theater,cine en casa,cinéma maison,Heimkino,होम थियेटर
1601,honeycomb,panal,rayon de miel,Bienenwabe,मधुकोश का
1602,hook,gancho,accrocher,Haken,अंकुड़ा
1603,hoopskirt,hoopskirt,hoopskirt,Reifenrock,hoopskirt
1604,horizontal bar,barra horizontal,barre horizontale,horizontale Linie,क्षैतिज पट्टी
1605,horse cart,carro de caballos,char à cheval,Pferdewagen,घोड़ा गाड़ी
1606,hourglass,reloj de arena,Sablier,Sanduhr,hourglass
1607,iPod,iPod,iPod,iPod,आइपॉड
1608,iron,planchar,le fer,Eisen,लोहा
1609,jack-o'-lantern,jack-o'-lantern,citrouille d'Halloween,Jack O'Lantern,जैक ओ लालटेन
1610,jean,vaquero,en jean,jean,जीन
1611,jeep,todoterreno,jeep,Jeep,जीप
1612,jersey,jersey,Jersey,Jersey,जर्सी
1613,jigsaw puzzle,rompecabezas,puzzle,Puzzle,आरा पहेली
1614,jinrikisha,jinrikisha,jinrikisha,jinrikisha,jinrikisha
1615,joystick,palanca de mando,manette,Joystick,जोस्टिक
1616,kimono,kimono,kimono,Kimono,कीमोनो
1617,knee pad,rodillera,genouillère,Knieschoner,मेने पता किया
1618,knot,nudo,nouer,Knoten,गांठ
1619,lab coat,bata de laboratorio,blouse de laboratoire,Laborkittel,प्रयोगशाला कोट
1620,ladle,cucharón,louche,Kelle,करछुल
1621,lampshade,pantalla de lámpara,abat-jour,Lampenschirm,छाया
1622,laptop,computadora portátil,portable,Laptop,लैपटॉप
1623,lawn mower,cortacésped,tondeuse à gazon,Rasenmäher,लॉन की घास काटने वाली मशीन
1624,lens cap,tapa de la lente,protège-objectif,Objektivkappe,लेंस कैप
1625,letter opener,abrecartas,ouvre-lettre,Brieföffner,कागज़ काटने का चाकू
1626,library,Biblioteca,bibliothèque,Bibliothek,पुस्तकालय
1627,lifeboat,bote salvavidas,canot de sauvetage,Rettungsboot,जीवन नौका
1628,lighter,encendedor,briquet,Feuerzeug,लाइटर
1629,limousine,limusina,limousine,Limousine,लिमोसिन
1630,liner,transatlántico,doublure,Buchse,लाइनर
1631,lipstick,lápiz labial,rouge à lèvres,Lippenstift,लिपस्टिक
1632,Loafer,Mocasín,Flâneur,Bummler,आवारा
1633,lotion,loción,lotion,Lotion,लोशन
1634,loudspeaker,altoparlante,haut-parleur,Lautsprecher,ध्वनि-विस्तारक यंत्र
1635,loupe,lupa,loupe,Lupe,लूप
1636,lumbermill,Serreria,scierie,Sägewerk,चीरघर
1637,magnetic compass,brújula,compas magnétique,magnetischer Kompass,चुम्बकीय परकार
1638,mailbag,saca de correos,sac postal,Postsack,डाक का थैला
1639,mailbox,buzón,boites aux lettres,Briefkasten,मेलबॉक्स
1640,maillot,maillot,MAILLOT,maillot,ट्रिको
1641,maillot,maillot,MAILLOT,maillot,ट्रिको
1642,manhole cover,tapa de registro,regard de,Gullydeckel,मैनहोल कवर
1643,maraca,maraca,maraca,Rassel,maraca
1644,marimba,marimba,marimba,Marimba,marimba
1645,mask,máscara,masquer,Maske,मुखौटा
1646,matchstick,fósforo,matchstick,Zündholz,matchstick
1647,maypole,mayo,mât enrubanné,Maibaum,फूल से सजाया हुआ डण्डा जिस की चारों ओर अंग्रेज़ लोग मई के उत्सव
1648,maze,laberinto,Labyrinthe,Matze,भूल भुलैया
1649,measuring cup,taza de medir,Tasse à mesurer,Messbecher,मापने वाला कप
1650,medicine chest,botiquin,armoire à pharmacie,Hausapotheke,दवाओं का बक्सा
1651,megalith,megalito,mégalithe,Megalith,बड़ा पत्थर
1652,microphone,micrófono,microphone,Mikrofon,माइक्रोफ़ोन
1653,microwave,microonda,four micro onde,Mikrowelle,माइक्रोवेव
1654,military uniform,uniforme militar,uniforme militaire,Militäruniform,सैन्य वर्दी
1655,milk can,la leche puede,peut lait,Milchkanne,दूध का डब्बा
1656,minibus,microbús,minibus,Kleinbus,छोटा बस
1657,miniskirt,mini falda,mini-jupe,Minirock,मिनी स्कर्ट
1658,minivan,monovolumen,mini-fourgonnette,Minivan,मिनीवैन
1659,missile,misil,missile,Rakete,मिसाइल
1660,mitten,mitón,mitaine,Fäustling,एक प्रकार का दस्ताना
1661,mixing bowl,tazón,bol,Rührschüssel,मिश्रण का कटोरा
1662,mobile home,casa móvil,mobile home,Wohnwagen,मोबाइल घर
1663,Model T,modelo T,modèle T,T-Modell,मॉडल टी
1664,modem,módem,modem,Modem,मोडम
1665,monastery,monasterio,monastère,Kloster,मठ
1666,monitor,monitor,surveiller,Monitor,मॉनिटर
1667,moped,ciclomotor,vélomoteur,Moped,इंजन से साइकिल
1668,mortar,mortero,mortier,Granatwerfer,गारा
1669,mortarboard,birrete,mortier,Doktorhut,बाज़
1670,mosque,mezquita,mosquée,Moschee,मस्जिद
1671,mosquito net,mosquitero,moustiquaire,Moskitonetz,मच्छरदानी
1672,motor scooter,motor de scooter,scooter,Motorroller,मोटर स्कूटर
1673,mountain bike,bicicleta de montaña,vélo de montagne,Mountainbike,पहाड़ी साइकिल
1674,mountain tent,tienda de montaña,tente montagne,Bergzelt,पहाड़ तम्बू
1675,mouse,ratón,Souris,Maus,चूहा
1676,mousetrap,ratonera,piege a souris,Mausefalle,चूहादानी
1677,moving van,van en movimiento,Camion de déménagement,Umzugswagen,गतिशील वैन
1678,muzzle,bozal,museau,Schnauze,थूथन
1679,nail,clavo,ongle,Nagel,नाखून
1680,neck brace,cuello ortopédico,Minerve,Nacken-Stütze,गर्दन मेंने बांधने वाला पट्टा
1681,necklace,collar,Collier,Halskette,हार
1682,nipple,pezón,mamelon,Nippel,चूची
1683,notebook,computadora portátil,carnet,Notizbuch,स्मरण पुस्तक
1684,obelisk,obelisco,obélisque,Obelisk,स्मारक-स्तंभ
1685,oboe,oboe,hautbois,Oboe,ओबाउ
1686,ocarina,ocarina,ocarina,Okarina,ocarina
1687,odometer,cuentakilómetros,odomètre,Kilometerzähler,ओडोमीटर
1688,oil filter,filtro de aceite,filtre à l'huile,Ölfilter,तेल छन्नी
1689,organ,Organo,organe,Organ,अंग
1690,oscilloscope,osciloscopio,oscilloscope,Oszilloskop,आस्टसीलस्कप
1691,overskirt,sobrefalda,surjupe,Overskirt,overskirt
1692,oxcart,carreta,oxcart,Gespann,बैलगाड़ी जिसमें
1693,oxygen mask,mascara de oxigeno,masque d'oxygène,Sauerstoffmaske,ऑक्सीजन मास्क
1694,packet,paquete,paquet,Paket,पैकेट
1695,paddle,paleta,pagayer,Paddel,चप्पू
1696,paddlewheel,Rueda de paletas,roue à aubes,Schaufelrad,पतवार चलाने वाला पहिया
1697,padlock,candado,cadenas,Vorhängeschloss,ताला
1698,paintbrush,Cepillo de pintura,pinceau,Pinsel,तूलिका
1699,pajama,pijama,pyjama,Schlafanzug,पजामा
1700,palace,palacio,palais,Palast,महल
1701,panpipe,zampoña,panpipe,Panflöte,मुरली
1702,paper towel,toalla de papel,essuie-tout,papierhandtuch,पेपर तौलिया
1703,parachute,paracaídas,parachute,Fallschirm,पैराशूट
1704,parallel bars,barras paralelas,barres parallèles,Barren,समानांतर सलाखें
1705,park bench,Banco del parque,banc de parc,Parkbank,पार्क बेंच
1706,parking meter,parquímetro,parcmètre,Parkuhr,पार्किंग मीटर
1707,passenger car,automóviles de turismo,voiture de voyageurs,Personenkraftwagen,यात्री कार
1708,patio,patio,patio,Terrasse,आंगन
1709,pay-phone,teléfono público de monedas,taxiphone,Münztelefon,पे-फोन
1710,pedestal,pedestal,piédestal,Sockel,कुरसी
1711,pencil box,caja de lápices,boîte à crayons,Stiftebox,क़लमदान
1712,pencil sharpener,sacapuntas,taille-crayon,Bleistiftspitzer,पेंसिल शापनर
1713,perfume,perfume,parfum,Parfüm,इत्र
1714,Petri dish,placa de Petri,pain béni,Petrischale,पेट्री डिश
1715,photocopier,fotocopiadora,photocopieur,Kopiergerät,फोटोकॉपियर
1716,pick,elegir,prendre,pflücken,चुनना
1717,pickelhaube,pickelhaube,pickelhaube,Pickelhaube,pickelhaube
1718,picket fence,valla,palissade,Lattenzaun,धरना बाड़
1719,pickup,recoger,Récupérer,abholen,पिक अप
1720,pier,muelle,jetée,Seebrücke,घाट
1721,piggy bank,hucha,tirelire,Sparschwein,गुल्लक
1722,pill bottle,frasco de pastillas,bouteille de pilules,Tablettendose,गोली की बोतल
1723,pillow,almohada,oreiller,Kissen,तकिया
1724,ping-pong ball,pelota de ping pong,balle de ping pong,Tischtennisball,पिंग पॉन्ग गेंद
1725,pinwheel,molinillo,pinwheel,Windrad,पिनव्हील
1726,pirate,pirata,pirate,Pirat,समुद्री डाकू
1727,pitcher,lanzador,lanceur,Krug,मटकी
1728,plane,avión,avion,Flugzeug,विमान
1729,planetarium,planetario,planétarium,Planetarium,नक्षत्र-भवन
1730,plastic bag,bolsa de plastico,sac plastique,Plastiktüte,प्लास्टिक बैग
1731,plate rack,escurreplatos,égouttoir,Tellerhalter,प्लेट रैक
1732,plow,arado,charrue,Pflug,हल
1733,plunger,émbolo,piston,Stempel,सवार
1734,Polaroid camera,cámara Polaroid,appareil Polaroïd,Polaroidkamera,पोलारिड कैमेरा
1735,pole,polo,pôle,Pole,खंभा
1736,police van,camioneta de la policía,fourgon de police,Polizeiwagen,पुलिस वैन
1737,poncho,poncho,poncho,Poncho,पोंचो
1738,pool table,mesa de billar,table de billard,Billardtisch,टेबल खींचे
1739,pop bottle,botella de refresco,bouteille pop,pop bottle,पॉप बोतल
1740,pot,maceta,pot,Topf,मटका
1741,potter's wheel,rueda de alfarero,tour de potier,Töpferscheibe,कुम्हार का चाक
1742,power drill,taladradora eléctrica,perceuse électrique,Bohrmaschine,ऊर्जा छेदन यंत्र
1743,prayer rug,alfombra de rezo,tapis de prière,Gebetsteppich,प्रार्थना का गलीचा
1744,printer,impresora,imprimante,Drucker,मुद्रक
1745,prison,prisión,prison,Gefängnis,जेल व
1746,projectile,proyectil,projectile,Projektil,प्रक्षेप्य
1747,projector,proyector,projecteur,Beamer,प्रक्षेपक
1748,puck,disco,palet,Puck,शरारती बच्चा
1749,punching bag,saco de boxeo,sac de boxe,Boxsack,पंचिंग बैग
1750,purse,cartera,Bourse,Geldbörse,पर्स
1751,quill,pluma,penne,Feder,मोड़ना
1752,quilt,edredón,courtepointe,Decke,रजाई
1753,racer,corredor,coureur,Rennfahrer,घुड़दौड़ का घोड़ा
1754,racket,raqueta,raquette,Schläger,रैकेट
1755,radiator,radiador,radiateur,Kühler,रेडियेटर
1756,radio,radio,radio,Radio,रेडियो
1757,radio telescope,Radio telescopio,radiotélescope,Radioteleskop,रेडियो दूरबीन
1758,rain barrel,barril de lluvia,baril,regen barrel,बारिश बैरल
1759,recreational vehicle,vehículo recreacional,véhicule récréatif,Wohnmobil,मनोरंजन वाहन
1760,reel,carrete,bobine,Spule,रील
1761,reflex camera,cámara reflex,reflex,Spiegelreflexkamera,अनैच्छिक केमेरा
1762,refrigerator,refrigerador,réfrigérateur,Kühlschrank,फ्रिज
1763,remote control,control remoto,télécommande,Fernbedienung,रिमोट कंट्रोल
1764,restaurant,restaurante,le restaurant,Restaurant,खाने की दुकान
1765,revolver,revólver,revolver,Revolver,रिवाल्वर
1766,rifle,rifle,fusil,Gewehr,राइफल
1767,rocking chair,mecedora,fauteuil à bascule,Schaukelstuhl,दोलन कुर्सी
1768,rotisserie,asador,rôtissoire,Rotisserie,rotisserie
1769,rubber eraser,goma de borrar,gomme,Radiergummi,मिटाने वाला रबर
1770,rugby ball,Pelota de rugby,ballon de rugby,Rugby Ball,रग्बी गेंद
1771,rule,regla,régner,Regel,नियम
1772,running shoe,Zapatos para correr,chaussure de course,Laufschuh,दौड़ने का जूता
1773,safe,a salvo,sûr,sicher,सुरक्षित
1774,safety pin,imperdible,épingle de sûreté,Sicherheitsnadel,कोना न चुभनेवाली आलपीन
1775,saltshaker,salero,salière,Salzstreuer,नमकदानी
1776,sandal,sandalia,sandale,Sandale,चप्पल
1777,sarong,pareo de malasia,sarong,Sarong,हिंदेशियन वस्र
1778,sax,saxófono,saxo,Saxophon,पत्थर में छेद करने का औजार
1779,scabbard,vaina,fourreau,Scheide,म्यान
1780,scale,escala,escalader,Rahmen,स्केल
1781,school bus,autobús escolar,bus scolaire,Schulbus,स्कूल बस
1782,schooner,goleta,goélette,Schoner,दो मस्तूलों का जहाज़
1783,scoreboard,marcador,tableau de bord,Anzeigetafel,स्कोर बोर्ड
1784,screen,pantalla,écran,Bildschirm,स्क्रीन
1785,screw,tornillo,visser,Schraube,स्क्रू
1786,screwdriver,destornillador,Tournevis,Schraubendreher,पेंचकस
1787,seat belt,cinturón de seguridad,ceinture de sécurité,Sicherheitsgurt,सीट बेल्ट
1788,sewing machine,máquina de coser,machine à coudre,Nähmaschine,सिलाई मशीन
1789,shield,proteger,bouclier,Schild,शील्ड
1790,shoe shop,tienda de zapatos,magasin de chaussures,Schuhladen,जूते की दुकान
1791,shoji,Shoji,Shoji,Shoji,शोजी
1792,shopping basket,cesta de la compra,panier,Einkaufskorb,खरीदारी की टोकरी
1793,shopping cart,Carro de compras,Panier,Einkaufswagen,शॉपिंग कार्ट
1794,shovel,pala,pelle,Schaufel,बेलचा
1795,shower cap,gorro de ducha,Bonnet de bain,Duschhaube,शॉवर कैप
1796,shower curtain,cortina de la ducha,rideau de douche,Duschvorhang,शावर में लगाने वाला पर्दा
1797,ski,esquí,ski,Ski,स्की
1798,ski mask,máscara de esquí,masque de ski,Ski-Maske,स्की मुखौटा
1799,sleeping bag,bolsa de dormir,sac de couchage,Schlafsack,सोने का थैला
1800,slide rule,regla de cálculo,règle à calcul,Rechenschieber,स्लाइड नियम
1801,sliding door,puerta corrediza,porte coulissante,Schiebetür,सरकाने वाला दरवाजा
1802,slot,espacio,fente,Slot,स्लॉट
1803,snorkel,tubo respirador,tuba,Schnorchel,स्नोर्कल
1804,snowmobile,motonieve,motoneige,Schneemobil,स्नोमोबाइल
1805,snowplow,quitanieves,chasse-neige,Schneepflug,बर्फ हल
1806,soap dispenser,dispensador de jabón,distributeur de savon,Seifenspender,साबुन मशीन
1807,soccer ball,balón de fútbol,ballon de football,Fußball,सॉकर बॉल
1808,sock,calcetín,chaussette,Socke,मौज़ा
1809,solar dish,plato solar,Antenne solaire,Solar-Gericht,सौर पकवान
1810,sombrero,sombrero,sombrero,Sombrero,चौड़े किनारे की एक प्रकार की अँग्रेज़ी टोपी
1811,soup bowl,tazón de sopa,bol de soupe,Suppenschüssel,सूप का कटोरा
1812,space bar,espaciador,barre d'espacement,Leertaste,स्पेस बार
1813,space heater,calentador,appareil de chauffage,Raumheizkörper,स्पेस हीटर
1814,space shuttle,transbordador espacial,navette spatiale,Space Shuttle,अंतरिक्ष शटल
1815,spatula,espátula,spatule,Spatel,रंग
1816,speedboat,lancha rápida,vedette,Rennboot,स्पीडबोट
1817,spider web,telaraña,toile d'araignée,Spinnennetz,मकड़ी का जाला
1818,spindle,huso,broche,Spindel,धुरा
1819,sports car,coche deportivo,voiture de sport,Sportwagen,स्पोर्ट्स कार
1820,spotlight,destacar,projecteur,Scheinwerfer,सुर्खियों
1821,stage,etapa,étape,Bühne,मंच
1822,steam locomotive,locomotora de vapor,locomotive à vapeur,Dampflokomotive,भाप गतिविशिष्ट
1823,steel arch bridge,puente de arco de acero,pont en arc en acier,Stahlbogenbrücke,इस्पात कट्टर पुल
1824,steel drum,tambor de acero,tonneau en acier,Stahltrommel,स्टील का ड्रम
1825,stethoscope,estetoscopio,stéthoscope,Stethoskop,परिश्रावक
1826,stole,robó,a volé,Stahl,चुराई
1827,stone wall,Pared de piedra,mur de pierre,Steinwand,पत्थर की दीवार
1828,stopwatch,cronógrafo,chronomètre,Stoppuhr,स्टॉपवॉच देखनी
1829,stove,cocina,le fourneau,Herd,स्टोव
1830,strainer,colador,passoire,Sieb,झरनी
1831,streetcar,tranvía,tramway,Straßenbahn,ट्राम
1832,stretcher,camilla,tendeur,Bahre,स्ट्रेचर
1833,studio couch,sofá cama,canapé,Schlafcouch,स्टूडियो सोफे
1834,stupa,estupa,stupa,Stupa,स्तूप
1835,submarine,submarino,sous-marin,U-Boot,पनडुब्बी
1836,suit,traje,costume,passen,सूट
1837,sundial,reloj de sol,cadran solaire,Sonnenuhr,धूपघड़ी
1838,sunglass,gafas de sol,sunglass,Sonnenbrille,धूप के चश्मे
1839,sunglasses,Gafas de sol,des lunettes de soleil,Sonnenbrille,धूप का चश्मा
1840,sunscreen,protector solar,crème solaire,Sonnenschutz,सनस्क्रीन
1841,suspension bridge,puente colgante,pont suspendu,Hängebrücke,निलंबन पुल
1842,swab,torunda,écouvillon,Tupfer,पट्टी
1843,sweatshirt,camisa de entrenamiento,sweat-shirt,Sweatshirt,स्वेट-शर्ट
1844,swimming trunks,traje de baño,maillot de bain,Badehose,पुरुषों की तैराकी की पोशाक
1845,swing,balancearse,se balancer,schwingen,जोरों
1846,switch,cambiar,changer,Schalter,स्विच
1847,syringe,jeringuilla,seringue,Spritze,सिरिंज
1848,table lamp,Lámpara de mesa,lampe de table,Tischlampe,टेबल लैंप
1849,tank,tanque,Char,Panzer,टैंक
1850,tape player,reproductor de cintas,lecteur de cassettes,Kassettenspieler,टेप प्लेयर
1851,teapot,tetera,théière,Teekanne,चायदानी
1852,teddy,osito de peluche,peluche,teddy,टेडी
1853,television,televisión,télévision,Fernsehen,टेलीविजन
1854,tennis ball,Pelota de tenis,balle de tennis,Tennis Ball,टेनिस बॉल
1855,thatch,paja,chaume,Stroh,छप्पर
1856,theater curtain,cortina de teatro,rideau de théâtre,Theater-Vorhang,थिएटर पर्दा
1857,thimble,dedal,dé,Fingerhut,नोक
1858,thresher,trilladora,batteuse,Dreschmaschine,गाहनेवाला
1859,throne,trono,trône,Thron,सिंहासन
1860,tile roof,teja,Toit en tuiles,Ziegeldach,टाइल की छत
1861,toaster,tostadora,grille-pain,Toaster,टोअस्टर
1862,tobacco shop,tienda de tabaco,boutique de tabac,Tabak Laden,तम्बाकू की दुकान
1863,toilet seat,asiento del baño,siège de toilette,Toilleten Sitz,शौचालय की सीट
1864,torch,antorcha,torche,Fackel,मशाल
1865,totem pole,tótem,totem,Totempfahl,टोटेम पोल
1866,tow truck,camión de remolque,dépanneuse,Abschleppfahrzeug,टो ट्रक
1867,toyshop,tienda de juguetes,Magasin de jouets,Spielzeugladen,खिलौने की दुकान
1868,tractor,tractor,tracteur,Traktor,ट्रैक्टर
1869,trailer truck,camión de remolque,camion remorque,Sattelzug,ट्रेलर ट्रक
1870,tray,bandeja,plateau,Tablett,ट्रे
1871,trench coat,gabardina,trench-coat,Regenmantel,बरसाती
1872,tricycle,triciclo,tricycle,Dreirad,तिपहिया साइकिल
1873,trimaran,trimarán,trimaran,Trimaran,trimaran
1874,tripod,trípode,trépied,Stativ,तिपाई
1875,triumphal arch,arco triunfal,arc de Triomphe,Triumphbogen,विजय स्मारक
1876,trolleybus,trolebús,trolleybus,Obus,trolleybus
1877,trombone,trombón,trombone,Posaune,तुरही
1878,tub,tina,baignoire,Wanne,टब
1879,turnstile,torniquete,tourniquet,Drehkreuz,घूमने वाला दरवाज़ा
1880,typewriter keyboard,teclado de máquina de escribir,clavier de machine à écrire,Schreibmaschinen-Tastatur,टाइपराइटर कुंजीपटल
1881,umbrella,paraguas,parapluie,Regenschirm,छाता
1882,unicycle,monociclo,monocycle,Einrad,यूनीसाइकिल
1883,upright,vertical,droit,aufrecht,ईमानदार
1884,vacuum,aspiradora,vide,Vakuum,शून्य स्थान
1885,vase,jarrón,vase,Vase,फूलदान
1886,vault,bóveda,sauter,Gewölbe,मेहराब
1887,velvet,terciopelo,velours,Samt,मख़मली
1888,vending machine,máquina expendedora,distributeur automatique,Verkaufsautomat,व्यापारिक मशीन
1889,vestment,vestimenta,vêtement,Ornat,वस्र
1890,viaduct,viaducto,viaduc,Viadukt,पुल
1891,violin,violín,violon,Violine,वायोलिन
1892,volleyball,vóleibol,volley-ball,Volleyball,वालीबाल
1893,waffle iron,plancha de gofres,gaufrier,Waffeleisen,वेफ़ल आयरन
1894,wall clock,reloj de pared,horloge murale,Wanduhr,दीवार की घडी
1895,wallet,cartera,portefeuille,Brieftasche,बटुआ
1896,wardrobe,guardarropa,penderie,Kleiderschrank,अलमारी
1897,warplane,avión de guerra,warplane,warplane,warplane
1898,washbasin,lavabo,lavabo,Waschbecken,चिलमची
1899,washer,lavadora,machine à laver,Waschmaschine,वॉशर
1900,water bottle,botella de agua,bouteille d'eau,Wasserflasche,पानी की बोतल
1901,water jug,jarra de agua,broc d'eau,Wasserkrug,पानी का घड़ा
1902,water tower,Torre de agua,château d'eau,Wasserturm,जल स्तंभ
1903,whiskey jug,jarra de whisky,cruche whisky,Whiskey Krug,व्हिस्की सुराही
1904,whistle,silbar,siffler,pfeifen,सीटी
1905,wig,peluca,perruque,Perücke,विग
1906,window screen,pantalla de la ventana,écran de fenêtre,Fensterscheibe,खिड़की का पर्दा
1907,window shade,persiana,ombre fenêtre,Fensterschatten,खिड़की की छाया
1908,Windsor tie,lazo de Windsor,cravate Windsor,Windsor Krawatte,विंडसर टाई
1909,wine bottle,botella de vino,bouteille de vin,Weinflasche,शराब की बोतल
1910,wing,ala,aile,Flügel,विंग
1911,wok,wok,wok,Wok,कडाई
1912,wooden spoon,cuchara de madera,cuillère en bois,Holzlöffel,लकड़ी की चम्मच
1913,wool,lana,laine,wolle,ऊन
1914,worm fence,valla de gusano,clôture à vis sans fin,Wurm Zaun,कीड़ा बाड़
1915,wreck,naufragio,épave,Wrack,जहाज के मलबे
1916,yawl,yola,yawl,Jolle,yawl
1917,yurt,yurta,yourte,Jurte,yurt
1918,web site,sitio web,site Internet,Webseite,वेबसाइट
1919,comic book,libro cómico,bande dessinée,Comic,हास्य पुस्तक
1920,crossword puzzle,crucigrama,mots croisés,Kreuzworträtsel,पहेली
1921,street sign,cartel de la calle,Panneau de signalisation,Straßenschild,सड़क पर चिन्ह
1922,traffic light,semáforo,feu de circulation,Ampel,ट्रैफिक - लाइट
1923,book jacket,solapa del libro,Couverture de livre,Buchumschlag,जाकेट को बूक कर दो
1924,menu,menú,menu,Speisekarte,मेन्यू
1925,plate,lámina,assiette,Teller,प्लेट
1926,guacamole,guacamole,guacamole,Guacamole,गुआकामोल
1927,consomme,consomé,consommé,Konsommee,शोरवा
1928,hot pot,olla caliente,hot pot,Hot Pot,मांस और सब्जी मिश्रित पकवान
1929,trifle,nimiedad,bagatelle,Kleinigkeit,छोटी सी
1930,ice cream,helado,crème glacée,Eiscreme,आइसक्रीम
1931,ice lolly,paleta,sucette glacée,Eislutscher,बर्फ की रोटी
1932,French loaf,pan francés,Pain français,Französisch Laib,फ्रेंच लोफ़
1933,bagel,rosquilla,beignet,Bagel,बैगल
1934,pretzel,galleta salada,bretzel,Brezel,एक प्रकार की रोटी
1935,cheeseburger,hamburguesa con queso,cheeseburger,Cheeseburger,चीज़बर्गर
1936,hotdog,Hot dog,Hot-dog,Hotdog,हॉट - डॉग
1937,mashed potato,puré de patatas,purée,Kartoffelbrei,मैश किए हुए आलू
1938,head cabbage,repollos,choux pommés,Kopfkohl,सिर गोभी
1939,broccoli,brócoli,brocoli,Brokkoli,ब्रोकोली
1940,cauliflower,coliflor,choufleur,Blumenkohl,गोभी
1941,zucchini,calabacín,courgette,Zucchini,तुरई
1942,spaghetti squash,calabaza espagueti,courge spaghetti,Spaghettikürbis,स्पेगती स्क्वाश
1943,acorn squash,calabaza,courge poivrée,Eichelkürbis,बलूत के फल का शरबत
1944,butternut squash,calabaza,courge butternut,Butternut-Kürbis,बटरनट स्क्वाश
1945,cucumber,pepino,concombre,Gurke,खीरा
1946,artichoke,alcachofa,artichaut,Artischocke,हाथी चक
1947,bell pepper,pimiento,poivron,Paprika,शिमला मिर्च
1948,cardoon,cardo,cardon,cardoon,cardoon
1949,mushroom,champiñón,champignon,Pilz,मशरूम
1950,Granny Smith,Granny Smith,Granny Smith,Granny Smith,ग्रैनी स्मिथ
1951,strawberry,fresa,fraise,Erdbeere,स्ट्रॉबेरी
1952,orange,naranja,Orange,Orange,संतरा
1953,lemon,limón,citron,Zitrone,नींबू
1954,fig,higo,figure,Feige,अंजीर
1955,pineapple,piña,l'ananas,Ananas,अनानास
1956,banana,plátano,banane,Banane,केला
1957,jackfruit,yaca,jacquier,Jackfrüchte,कटहल
1958,custard apple,chirimoya,anone,Rahmapfel,शरीफा
1959,pomegranate,granada,Grenade,Granatapfel,अनार
1960,hay,heno,foins,Heu,सूखी घास
1961,carbonara,carbonara,carbonara,carbonara,Carbonara
1962,chocolate sauce,salsa de chocolate,sauce au chocolat,Schokoladensoße,चॉकलेट चटनी
1963,dough,masa,Pâte,Teig,लोई
1964,meat loaf,pastel de carne,Pain de viande,Hackbraten,बोटी गोश्त
1965,pizza,Pizza,Pizza,Pizza,पिज़्ज़ा
1966,potpie,pastel de carne,potpie,Topfkuchen,पॉट पाइ
1967,burrito,burrito,burrito,Burrito,बरिटो
1968,red wine,vino tinto,vin rouge,Rotwein,रेड वाइन
1969,espresso,Café exprés,Expresso,Espresso,एस्प्रेसो
1970,cup,taza,Coupe,Tasse,कप
1971,eggnog,Ponche de huevo,Lait de poule,Eierlikör,एग्नॉग
1972,alp,montaña,alpe,alp,ऊंचे पहाड़
1973,bubble,burbuja,bulle,Blase,बुलबुला
1974,cliff,acantilado,falaise,Cliff,क्लिफ
1975,coral reef,Arrecife de coral,récif de corail,Korallenriff,मूंगा - चट्टान
1976,geyser,géiser,geyser,Geysir,गरम पानी का झरना
1977,lakeside,junto al lago,bord du lac,Seeufer,झील के किनारे
1978,promontory,promontorio,promontoire,Vorgebirge,रास
1979,sandbar,banco de arena,banc de sable,Sandbank,रेती
1980,seashore,costa,rivage,Strand,समुद्र किनारा
1981,valley,Valle,vallée,Senke,घाटी
1982,volcano,volcán,volcan,Vulkan,ज्वर भाता
1983,ballplayer,jugador de pelota,joueur de baseball,Ballspieler,ballplayer
1984,groom,novio,jeune marié,Bräutigam,दूल्हा
1985,scuba diver,buzo,plongeur,Taucherin,स्कूबा गोताखोर
1986,rapeseed,colza,colza,Raps,रेपसीड
1987,daisy,margarita,Marguerite,Gänseblümchen,गुलबहार
1988,yellow lady's slipper,El deslizador de señora amarillo,Sabot de jaune dame,gelber Frauenschuh,पीले महिला की चप्पल
1989,corn,maíz,maïs,Mais,मक्का
1990,acorn,bellota,gland,Eichel,बलूत का फल
1991,hip,cadera,hanche,Hüfte,कमर
1992,buckeye,castaño de indias,Buckeye,Rosskastanie,बकेये
1993,coral fungus,hongo de coral,champignon corail,Korallenpilz,मूंगा कवक
1994,agaric,agárico,agaric,Pilz,खुंभी
1995,gyromitra,Gyromitra,Gyromitra,Gyromitra,gyromitra
1996,stinkhorn,stinkhorn,stinkhorn,stinkhorn,stinkhorn
1997,earthstar,earthstar,Earthstar,Erdstern,earthstar
1998,hen-of-the-woods,hen-de-la-Woods,poule-des-bois,Henne-of-the-woods,मुर्गी ऑफ द जंगल
1999,bolete,bolete,bolete,bolete,bolete
2000,ear,oído,oreille,Ohr,कान
2001,toilet tissue,papel de baño,papier toilette,Toilettenpapier,शौचालय का रुमाल